<?xml version="1.0" encoding="UTF-8"?>
<SunopsisExport>
<Admin RepositoryVersion="05.02.02.09" IsLegacyIdCompatible="false" />
<Encryption algorithm="AES" keyLength="128" exportKeyHash="Wu4kA6r9Yg06ZzOfTnJ/jQKpH2qVLx4idculF1pRxOo=" keyVect="gs2JGHFuzVeXWJQR468lZw==" exportKeySalt="752fb925-fd0a-4eaf-a178-b2bed09918ee" containsCipherText="false"/>
<Object class="com.sunopsis.dwg.dbobj.SnpKmTemplate">
		<Field name="FirstDate" type="java.sql.Timestamp"><![CDATA[2021-08-27 16:25:16.0]]></Field>
	<Field name="FirstUser" type="java.lang.String"><![CDATA[SUNOPSIS_INSTALL]]></Field>
	<Field name="GlobalId" type="java.lang.String"><![CDATA[fa46e226-2d00-11e6-9406-00163e1ffd72]]></Field>
	<Field name="IndChange" type="java.lang.String"><![CDATA[I]]></Field>
	<Field name="IndIsSeeded" type="java.lang.String"><![CDATA[1]]></Field>
	<Field name="IndLangTrans" type="java.lang.String"><![CDATA[1]]></Field>
	<Field name="IndReplNl" type="java.lang.String"><![CDATA[1]]></Field>
	<Field name="IntVersion" type="com.sunopsis.sql.DbInt"><![CDATA[1]]></Field>
	<Field name="IKmTemplate" type="com.sunopsis.sql.DbInt"><![CDATA[107]]></Field>
	<Field name="LangName" type="java.lang.String"><![CDATA[PYTHON]]></Field>
	<Field name="LastDate" type="java.sql.Timestamp"><![CDATA[2021-08-27 16:25:16.0]]></Field>
	<Field name="LastUser" type="java.lang.String"><![CDATA[SUNOPSIS_INSTALL]]></Field>
	<Field name="Name" type="java.lang.String"><![CDATA[SparkSQLStoreCmdStreaming]]></Field>
	<Field name="TechnoName" type="java.lang.String"><![CDATA[SPARK_PYTHON]]></Field>
	<Field name="TemplateText" type="java.lang.String"><![CDATA[
def getSqlContextInstance(sparkContext):
  if ('sqlContextSingletonInstance' not in globals()):
     if sparkVersionNum(sparkContext.version) > 200:
       globals()['sqlContextSingletonInstance'] = SparkSession(sparkContext)
     else:
       globals()['sqlContextSingletonInstance'] = SQLContext(sparkContext)
  return globals()['sqlContextSingletonInstance']

def getDf( rdd ):
  sqlctx = getSqlContextInstance(rdd.context)
  {# IF ($[DF_INFER_SCHEMA] == 'false') #}
  schema = StructType([{# FOR ($[TGT_SCHEMA_TYPES]) IN ($[TGT_SCHEMA_TYPE]) SEP = ',
  ' #}
    StructField($[TGT_SCHEMA_TYPE], True) {# ENDFOR #}])
  df = sqlctx.createDataFrame(rdd, schema)
  {# ELSE #}
  rdd = rdd.map(lambda row : Row(**row) if isinstance(row,dict) else row)
  {# IF ($[SPARK_STREAMING_DEBUG] == 'true') #}
  for line in rdd.collect() :
      print line
  {# ENDIF #}
  {# IF ($[DF_SAMPLING_RATIO] == '0') #}
  df = sqlctx.createDataFrame(rdd)
  {# ELSE #}
  df = sqlctx.createDataFrame(rdd, None, $[DF_SAMPLING_RATIO] )
  {# ENDIF #}
  {# IF ($[SPARK_STREAMING_DEBUG] == 'true') #}
  print("========= %s =========" % type(df).__name__)
  df.show()
  df.printSchema()
  {# ENDIF #}
  colNames = [{# FOR ($[TGT_COLUMN_NAMES]) IN ($[TGT_COLUMN_NAME]) SEP = ','#}'$[TGT_COLUMN_NAME]'{# ENDFOR #}]
  df = df.select(*colNames)
  {# ENDIF #}
  return df

def process(time, rdd):
  print("========= %s, %s =========" % (type(rdd).__name__, str(time)))

  try:
        rowRdd = rdd
        if rowRdd.isEmpty():
            print("No rows")
            return
        print("Some rows")
        {# IF ($[SPARK_STREAMING_DEBUG] == 'true') #}
        for line in rowRdd.collect() :
          print line
        {# ENDIF #}
        df = getDf(rowRdd)
        print("========= %s =========" % type(df).__name__)
        {# IF ($[SPARK_STREAMING_DEBUG] == 'true') #}
        df.show()
        df.printSchema()
        {# ENDIF #}

        props =  getSqlJDBCProps(rdd.context)

        url = "$[JDBC_URL]"
        driver = "$[JDBC_DRIVER]"
        target_table = '$[SQL_TARGET_TABLE_NAME]'

        df.write.jdbc(url, target_table, 'append', props)

  except:
        raise

$[SRC_ALIAS].foreachRDD(process)

     ]]></Field>
	<Field name="TemplateVersion" type="java.lang.String">null</Field>
</Object>
<Object class="com.sunopsis.dwg.dbobj.SnpTemplateJoin">
		<Field name="GlobalId" type="java.lang.String"><![CDATA[3dc5a813-5b4b-4788-9edb-4f59b849bda1]]></Field>
	<Field name="IKmTemplate" type="com.sunopsis.sql.DbInt"><![CDATA[105]]></Field>
	<Field name="IKmTemplateRef" type="com.sunopsis.sql.DbInt"><![CDATA[107]]></Field>
</Object>
<Object class="com.sunopsis.dwg.dbobj.SnpFKXRef">
		<Field name="RefKey" type="java.lang.String"><![CDATA[SNP_KMTEMPLATE.105]]></Field>
	<Field name="RefObjGlobalId" type="java.lang.String"><![CDATA[fa46e1fe-2d00-11e6-9405-00163e1ffd72]]></Field>
 <Field name="RefObjFQName" type="java.lang.String"><![CDATA[SparkSQLStoreCmd]]></Field>
 <Field name="RefObjFQType" type="java.lang.String"><![CDATA[SNP_KMTEMPLATE]]></Field>
 <Field name="RefObjFQNameLengths" type="java.lang.String"><![CDATA[16]]></Field>
</Object>
<Object class="com.sunopsis.dwg.dbobj.SnpFKXRef">
		<Field name="RefKey" type="java.lang.String"><![CDATA[SNP_KMTEMPLATE.107]]></Field>
	<Field name="RefObjGlobalId" type="java.lang.String"><![CDATA[fa46e226-2d00-11e6-9406-00163e1ffd72]]></Field>
 <Field name="RefObjFQName" type="java.lang.String"><![CDATA[SparkSQLStoreCmdStreaming]]></Field>
 <Field name="RefObjFQType" type="java.lang.String"><![CDATA[SNP_KMTEMPLATE]]></Field>
 <Field name="RefObjFQNameLengths" type="java.lang.String"><![CDATA[25]]></Field>
</Object>
<Object class="com.sunopsis.dwg.DwgExportSummary">
		<Field name="ExpTxtNb" type="com.sunopsis.sql.DbInt"><![CDATA[0]]></Field>
	<Field name="InstObjNb" type="com.sunopsis.sql.DbInt"><![CDATA[0]]></Field>
	<Field name="JoinColNb" type="com.sunopsis.sql.DbInt"><![CDATA[0]]></Field>
	<Field name="JoinNb" type="com.sunopsis.sql.DbInt"><![CDATA[0]]></Field>
	<Field name="KeyColNb" type="com.sunopsis.sql.DbInt"><![CDATA[0]]></Field>
	<Field name="KeyNb" type="com.sunopsis.sql.DbInt"><![CDATA[0]]></Field>
	<Field name="LinkDiagNb" type="com.sunopsis.sql.DbInt"><![CDATA[0]]></Field>
	<Field name="MorigTxtNb" type="com.sunopsis.sql.DbInt"><![CDATA[0]]></Field>
	<Field name="MtxtNb" type="com.sunopsis.sql.DbInt"><![CDATA[0]]></Field>
	<Field name="OrigTxtNb" type="com.sunopsis.sql.DbInt"><![CDATA[0]]></Field>
	<Field name="OtherObjectsNb" type="com.sunopsis.sql.DbInt"><![CDATA[2]]></Field>
	<Field name="PlanAgentNb" type="com.sunopsis.sql.DbInt"><![CDATA[0]]></Field>
	<Field name="StepNb" type="com.sunopsis.sql.DbInt"><![CDATA[0]]></Field>
	<Field name="TxtNb" type="com.sunopsis.sql.DbInt"><![CDATA[0]]></Field>
	<Field name="UeOrigNb" type="com.sunopsis.sql.DbInt"><![CDATA[0]]></Field>
	<Field name="UeUsedNb" type="com.sunopsis.sql.DbInt"><![CDATA[0]]></Field>
	<Field name="VarPlanAgentNb" type="com.sunopsis.sql.DbInt"><![CDATA[0]]></Field>
	<Field name="ScenTxtNb" type="com.sunopsis.sql.DbInt"><![CDATA[0]]></Field>
	<Field name="OdiVersion" type="java.lang.String"><![CDATA[12.2.1]]></Field>
	<Field name="OriginRepositoryID" type="com.sunopsis.sql.DbInt"><![CDATA[11]]></Field>
	<Field name="RepositoryVersion" type="java.lang.String"><![CDATA[05.02.02.09]]></Field>
</Object>
</SunopsisExport>
