<?xml version="1.0" encoding="UTF-8"?>
<SunopsisExport>
<Admin RepositoryVersion="05.02.02.09" IsLegacyIdCompatible="false" />
<Encryption algorithm="AES" keyLength="128" exportKeyHash="8L9bbhRoujBgqkhdXl9E4CRnd6K0Zg/wNNYMXPci+fA=" keyVect="BMtdC1LHH161VWeKmXm4tg==" exportKeySalt="8f9c7579-713c-4397-9bd9-d14f63ef54a0" containsCipherText="false"/>
<Object class="com.sunopsis.dwg.dbobj.SnpKmTemplate">
		<Field name="FirstDate" type="java.sql.Timestamp"><![CDATA[2021-08-27 16:25:16.0]]></Field>
	<Field name="FirstUser" type="java.lang.String"><![CDATA[SUNOPSIS_INSTALL]]></Field>
	<Field name="GlobalId" type="java.lang.String"><![CDATA[469C3023-2447-1199-E053-CEC0E40A9CFE]]></Field>
	<Field name="IndChange" type="java.lang.String"><![CDATA[U]]></Field>
	<Field name="IndIsSeeded" type="java.lang.String"><![CDATA[1]]></Field>
	<Field name="IndLangTrans" type="java.lang.String"><![CDATA[1]]></Field>
	<Field name="IndReplNl" type="java.lang.String"><![CDATA[1]]></Field>
	<Field name="IntVersion" type="com.sunopsis.sql.DbInt"><![CDATA[3]]></Field>
	<Field name="IKmTemplate" type="com.sunopsis.sql.DbInt"><![CDATA[173]]></Field>
	<Field name="LangName" type="java.lang.String"><![CDATA[PYTHON]]></Field>
	<Field name="LastDate" type="java.sql.Timestamp"><![CDATA[2021-08-27 16:26:55.0]]></Field>
	<Field name="LastUser" type="java.lang.String"><![CDATA[SUNOPSIS_INSTALL]]></Field>
	<Field name="Name" type="java.lang.String"><![CDATA[SparkSplitCmdDF]]></Field>
	<Field name="TechnoName" type="java.lang.String"><![CDATA[SPARK_PYTHON]]></Field>
	<Field name="TemplateText" type="java.lang.String"><![CDATA[
{# FOR ($[IF_TGT_ALIASES],$[SPLIT_CONDITIONS_DF],$[IF_TGT_CACHES],   $[IF_TGT_CACHELEVELS],$[IF_TGT_REPARTITIONS],$[IF_TGT_LEVEL_PARALLELISMS],$[IF_TGT_PARTITION_KEY_FUNCS],$[IF_TGT_IS_MULTI_COLUMN_KEYS],$[IF_TGT_SORT_PARTITIONS],$[IF_TGT_REPARTITION_FUNCS],$[IF_TGT_PARTITION_SORT_TYPES]) IN
       ($[TGT_ALIAS],     $[SPLIT_CONDITION_DF], $[CACHE_DATA],      $[CACHE_LEVEL],       $[REPARTITION],        $[LEVEL_PARALLELISM],        $[PARTITION_KEY_FUNC],       $[IS_MULTI_COLUMN_KEY],         $[SORT_PARTITIONS],       $[REPARTITION_FUNC],        $[PARTITION_SORT_TYPE]        ) SEP = '' #}
{# IF ($[USE_SQL_EXPRESSIONS] == 'true') #}
$[TGT_ALIAS] = $[SRC_ALIAS].filter("$[SPLIT_CONDITION_DF]")
{# ELSE #}
$[TGT_ALIAS] = $[SRC_ALIAS].filter($[SPLIT_CONDITION_DF])
{# ENDIF #}
{# IF ($[SPARK_STREAMING_DEBUG] == 'true') #}
print("========= %s   : $[TGT_ALIAS] =========" % type($[TGT_ALIAS]).__name__)
$[TGT_ALIAS].show()
$[TGT_ALIAS].printSchema()
{# ENDIF #}
{# INCLUDE = 'SparkPartitionRedistributeAndSortDF' #}
{# ENDFOR #}
{# FOR ($[OW_TGT_ALIAS], $[OW_TGT_CACHES],   $[OW_TGT_CACHELEVELS],$[OW_TGT_REPARTITIONS],$[OW_TGT_LEVEL_PARALLELISMS],$[OW_TGT_PARTITION_KEY_FUNCS],$[OW_TGT_IS_MULTI_COLUMN_KEYS],$[OW_TGT_SORT_PARTITIONS],$[OW_TGT_REPARTITION_FUNCS],$[OW_TGT_PARTITION_SORT_TYPES]) IN
       ($[TGT_ALIAS],    $[CACHE_DATA],      $[CACHE_LEVEL],       $[REPARTITION],        $[LEVEL_PARALLELISM],        $[PARTITION_KEY_FUNC],        $[IS_MULTI_COLUMN_KEY],        $[SORT_PARTITIONS],       $[REPARTITION_FUNC],        $[PARTITION_SORT_TYPE]        ) SEP = '' #}
{# IF ($[USE_SQL_EXPRESSIONS] == 'true') #}
$[TGT_ALIAS] = $[SRC_ALIAS].filter("{# FOR ($[SPLIT_CONDITIONS_DF]) IN ($[SPLIT_CONDITION_DF]) SEP = ' and ' #}not ($[SPLIT_CONDITION_DF]){# ENDFOR #}")
{# ELSE #}
$[TGT_ALIAS] = $[SRC_ALIAS].filter("{# FOR ($[SPLIT_CONDITIONS_DF]) IN ($[SPLIT_CONDITION_DF]) SEP = ' & ' #}! ($[SPLIT_CONDITION_DF]){# ENDFOR #}")
{# ENDIF #}
{# IF ($[SPARK_STREAMING_DEBUG] == 'true') #}
print("========= %s   : $[TGT_ALIAS] =========" % type($[TGT_ALIAS]).__name__)
$[TGT_ALIAS].show()
$[TGT_ALIAS].printSchema()
{# ENDIF #}
{# INCLUDE = 'SparkPartitionRedistributeAndSortDF' #}
{# ENDFOR #}
 ]]></Field>
	<Field name="TemplateVersion" type="java.lang.String">null</Field>
</Object>
<Object class="com.sunopsis.dwg.dbobj.SnpTemplateJoin">
		<Field name="GlobalId" type="java.lang.String"><![CDATA[771619f7-dd0e-4ce4-8e6a-2c61cadcf71f]]></Field>
	<Field name="IKmTemplate" type="com.sunopsis.sql.DbInt"><![CDATA[173]]></Field>
	<Field name="IKmTemplateRef" type="com.sunopsis.sql.DbInt"><![CDATA[176]]></Field>
</Object>
<Object class="com.sunopsis.dwg.dbobj.SnpTemplateJoin">
		<Field name="GlobalId" type="java.lang.String"><![CDATA[c14c9e34-0e31-46df-bd7e-d65882c99575]]></Field>
	<Field name="IKmTemplate" type="com.sunopsis.sql.DbInt"><![CDATA[120]]></Field>
	<Field name="IKmTemplateRef" type="com.sunopsis.sql.DbInt"><![CDATA[173]]></Field>
</Object>
<Object class="com.sunopsis.dwg.dbobj.SnpFKXRef">
		<Field name="RefKey" type="java.lang.String"><![CDATA[SNP_KMTEMPLATE.173]]></Field>
	<Field name="RefObjGlobalId" type="java.lang.String"><![CDATA[469C3023-2447-1199-E053-CEC0E40A9CFE]]></Field>
 <Field name="RefObjFQName" type="java.lang.String"><![CDATA[SparkSplitCmdDF]]></Field>
 <Field name="RefObjFQType" type="java.lang.String"><![CDATA[SNP_KMTEMPLATE]]></Field>
 <Field name="RefObjFQNameLengths" type="java.lang.String"><![CDATA[15]]></Field>
</Object>
<Object class="com.sunopsis.dwg.dbobj.SnpFKXRef">
		<Field name="RefKey" type="java.lang.String"><![CDATA[SNP_KMTEMPLATE.176]]></Field>
	<Field name="RefObjGlobalId" type="java.lang.String"><![CDATA[0519558e-4d77-490a-bacb-69b2a2b2fad5]]></Field>
 <Field name="RefObjFQName" type="java.lang.String"><![CDATA[SparkPartitionRedistributeAndSortDF]]></Field>
 <Field name="RefObjFQType" type="java.lang.String"><![CDATA[SNP_KMTEMPLATE]]></Field>
 <Field name="RefObjFQNameLengths" type="java.lang.String"><![CDATA[35]]></Field>
</Object>
<Object class="com.sunopsis.dwg.dbobj.SnpFKXRef">
		<Field name="RefKey" type="java.lang.String"><![CDATA[SNP_KMTEMPLATE.120]]></Field>
	<Field name="RefObjGlobalId" type="java.lang.String"><![CDATA[fa46ed34-2d00-11e6-9430-00163e1ffd72]]></Field>
 <Field name="RefObjFQName" type="java.lang.String"><![CDATA[SparkSplitCmd]]></Field>
 <Field name="RefObjFQType" type="java.lang.String"><![CDATA[SNP_KMTEMPLATE]]></Field>
 <Field name="RefObjFQNameLengths" type="java.lang.String"><![CDATA[13]]></Field>
</Object>
<Object class="com.sunopsis.dwg.DwgExportSummary">
		<Field name="ExpTxtNb" type="com.sunopsis.sql.DbInt"><![CDATA[0]]></Field>
	<Field name="InstObjNb" type="com.sunopsis.sql.DbInt"><![CDATA[0]]></Field>
	<Field name="JoinColNb" type="com.sunopsis.sql.DbInt"><![CDATA[0]]></Field>
	<Field name="JoinNb" type="com.sunopsis.sql.DbInt"><![CDATA[0]]></Field>
	<Field name="KeyColNb" type="com.sunopsis.sql.DbInt"><![CDATA[0]]></Field>
	<Field name="KeyNb" type="com.sunopsis.sql.DbInt"><![CDATA[0]]></Field>
	<Field name="LinkDiagNb" type="com.sunopsis.sql.DbInt"><![CDATA[0]]></Field>
	<Field name="MorigTxtNb" type="com.sunopsis.sql.DbInt"><![CDATA[0]]></Field>
	<Field name="MtxtNb" type="com.sunopsis.sql.DbInt"><![CDATA[0]]></Field>
	<Field name="OrigTxtNb" type="com.sunopsis.sql.DbInt"><![CDATA[0]]></Field>
	<Field name="OtherObjectsNb" type="com.sunopsis.sql.DbInt"><![CDATA[3]]></Field>
	<Field name="PlanAgentNb" type="com.sunopsis.sql.DbInt"><![CDATA[0]]></Field>
	<Field name="StepNb" type="com.sunopsis.sql.DbInt"><![CDATA[0]]></Field>
	<Field name="TxtNb" type="com.sunopsis.sql.DbInt"><![CDATA[0]]></Field>
	<Field name="UeOrigNb" type="com.sunopsis.sql.DbInt"><![CDATA[0]]></Field>
	<Field name="UeUsedNb" type="com.sunopsis.sql.DbInt"><![CDATA[0]]></Field>
	<Field name="VarPlanAgentNb" type="com.sunopsis.sql.DbInt"><![CDATA[0]]></Field>
	<Field name="ScenTxtNb" type="com.sunopsis.sql.DbInt"><![CDATA[0]]></Field>
	<Field name="OdiVersion" type="java.lang.String"><![CDATA[12.2.1]]></Field>
	<Field name="OriginRepositoryID" type="com.sunopsis.sql.DbInt"><![CDATA[11]]></Field>
	<Field name="RepositoryVersion" type="java.lang.String"><![CDATA[05.02.02.09]]></Field>
</Object>
</SunopsisExport>
