<?xml version="1.0" encoding="UTF-8"?>
<SunopsisExport>
<Admin RepositoryVersion="05.02.02.09" IsLegacyIdCompatible="false" />
<Encryption algorithm="AES" keyLength="128" exportKeyHash="N4i6+dZZk/zsf6u5c/D468g6RMReoID+yTT8pSGl4HQ=" keyVect="j9wTVF042qcOImTxasgE/A==" exportKeySalt="b05af3ef-a331-414a-baf7-a7810f1390f6" containsCipherText="false"/>
<Object class="com.sunopsis.dwg.dbobj.SnpKmTemplate">
		<Field name="FirstDate" type="java.sql.Timestamp"><![CDATA[2021-08-27 16:25:16.0]]></Field>
	<Field name="FirstUser" type="java.lang.String"><![CDATA[SUNOPSIS_INSTALL]]></Field>
	<Field name="GlobalId" type="java.lang.String"><![CDATA[fa46e622-2d00-11e6-9419-00163e1ffd72]]></Field>
	<Field name="IndChange" type="java.lang.String"><![CDATA[U]]></Field>
	<Field name="IndIsSeeded" type="java.lang.String"><![CDATA[1]]></Field>
	<Field name="IndLangTrans" type="java.lang.String"><![CDATA[1]]></Field>
	<Field name="IndReplNl" type="java.lang.String"><![CDATA[1]]></Field>
	<Field name="IntVersion" type="com.sunopsis.sql.DbInt"><![CDATA[2]]></Field>
	<Field name="IKmTemplate" type="com.sunopsis.sql.DbInt"><![CDATA[132]]></Field>
	<Field name="LangName" type="java.lang.String"><![CDATA[PYTHON]]></Field>
	<Field name="LastDate" type="java.sql.Timestamp"><![CDATA[2021-08-27 16:25:18.0]]></Field>
	<Field name="LastUser" type="java.lang.String"><![CDATA[SUNOPSIS_INSTALL]]></Field>
	<Field name="Name" type="java.lang.String"><![CDATA[SparkGroupCmd]]></Field>
	<Field name="TechnoName" type="java.lang.String"><![CDATA[SPARK_PYTHON]]></Field>
	<Field name="TemplateText" type="java.lang.String"><![CDATA[
{# IF ($[USE_DATAFRAMES] == 'true') #}
{# INCLUDE = 'SparkGroupCmdDF' #}
{# ELSE #}

$[TGT_ALIAS] = $[SRC_ALIAS].map(lambda $[SRC_RDD_SHAPE.get(0)]:Row(**{ {# IF ($[INPUT_FIELD_NAMES] != 'null') #}{# FOR ($[INPUT_FIELD_NAMES],$[INPUT_ATTR_EXPRS]) IN ($[INPUT_FIELD_NAME], $[INPUT_ATTR_EXPR]) SEP = ', ' #}"$[INPUT_ATTR_EXPR]":aggFuncExpr(lambda:$[INPUT_FIELD_NAME],None){# ENDFOR #},{# ENDIF #}
  {# IF ($[OUTPUT_ATTR_EXPRS] != 'null') #}{# FOR ($[OUTPUT_ATTR_EXPRS],$[OUTPUT_FIELD_NAMES]) IN ($[OUTPUT_ATTR_EXPR],$[OUTPUT_FIELD_NAME]) SEP = ', ' #}"$[OUTPUT_FIELD_NAME]":aggFuncExpr(lambda:$[OUTPUT_ATTR_EXPR],None){# ENDFOR #}{# ENDIF #}}));

{# IF ($[SPARK_STREAMING_DEBUG] == 'true') #}
print("========= %s   : $[TGT_ALIAS] apply expressions =========" % type($[TGT_ALIAS]).__name__)
{# IF ($[STREAMING_MODE] == 'true')#}
$[TGT_ALIAS].pprint()
{# ELSE #}
for line in $[TGT_ALIAS].collect():
    print line
{# ENDIF #}
{# ENDIF #}

$[TGT_ALIAS] = $[TGT_ALIAS].map($[GROUP_BY_CLAUSE])

{# IF ($[SPARK_STREAMING_DEBUG] == 'true') #}
print("========= %s   : $[TGT_ALIAS] group cols =========" % type($[TGT_ALIAS]).__name__)
{# IF ($[STREAMING_MODE] == 'true')#}
$[TGT_ALIAS].pprint()
{# ELSE #}
for line in $[TGT_ALIAS].collect():
    print line
{# ENDIF #}
{# ENDIF #}

{# IF ($[STREAMING_MODE] == 'true' AND $[WINDOWING] == 'true')#}
$[TGT_ALIAS] = $[TGT_ALIAS].groupByKeyAndWindow($[WINDOW_DURATION], $[SLIDE_DURATION]{# IF ($[LEVEL_PARALLELISM] > '0') #}, $[LEVEL_PARALLELISM]{# ENDIF #})
{# ELSE #}
$[TGT_ALIAS] = $[TGT_ALIAS].groupByKey({# IF ($[LEVEL_PARALLELISM] > '0') #}$[LEVEL_PARALLELISM]{# ENDIF #})
{# ENDIF #}

{# IF ($[SPARK_STREAMING_DEBUG] == 'true') #}
print("========= %s   : $[TGT_ALIAS] apply group by =========" % type($[TGT_ALIAS]).__name__)
{# IF ($[STREAMING_MODE] == 'true')#}
$[TGT_ALIAS].pprint()
{# ELSE #}
for line in $[TGT_ALIAS].collect():
    print line
{# ENDIF #}
{# ENDIF #}

{# IF ($[HAVING_COND] != 'null') #}
$[TGT_ALIAS] = $[TGT_ALIAS].filter(lambda (K, G): safeExpr(lambda:$[HAVING_COND],False));

{# IF ($[SPARK_STREAMING_DEBUG] == 'true') #}
print("========= %s   : $[TGT_ALIAS] having =========" % type($[TGT_ALIAS]).__name__)
{# IF ($[STREAMING_MODE] == 'true')#}
$[TGT_ALIAS].pprint()
{# ELSE #}
for line in $[TGT_ALIAS].collect():
    print line
{# ENDIF #}
{# ENDIF #}

{# ENDIF #}


{# IF ($[STREAMING_MODE] == 'true' AND $[STATEFUL] == 'true')#}

$[TGT_ALIAS] = $[TGT_ALIAS].map(lambda (K, G):(K, Row(**{{# IF ($[GROUP_BY_ALIASES] != 'null') #}{# IF ($[GROUP_BY_ALIASES.size()] == '1') #}"$[GROUP_BY_ALIASES.get(0)]":K{# ELSE #}{# FOR ($[GROUP_BY_ALIASES], $[GROUP_BY_INDICES]) IN ($[GROUP_BY_ALIAS], $[GROUP_BY_INDEX]) SEP = ', ' #}"$[GROUP_BY_ALIAS]":K[$[GROUP_BY_INDEX]]{# ENDFOR #}{# ENDIF #}{# ENDIF #}
{# IF ($[SIMPLE_AGGR_ALIASES] != 'null') #}{# IF ($[COMMA_1] == 'true') #},{# ENDIF #}{# FOR ($[SIMPLE_AGGR_FUNCS],$[SIMPLE_AGGR_ALIASES]) IN ($[SIMPLE_AGGR_FUNC],$[SIMPLE_AGGR_ALIAS]) SEP = ', ' #}"$[SIMPLE_AGGR_ALIAS]": $[SIMPLE_AGGR_FUNC](map((lambda row: row.$[SIMPLE_AGGR_ALIAS]), G)) {# ENDFOR #}{# ENDIF #}
{# IF ($[COMPLEX_AGGR_ALIASES] != 'null') #}{# IF ($[COMMA_2] == 'true') #},{# ENDIF #}{# FOR ($[COMPLEX_AGGR_FUNCS],$[COMPLEX_AGGR_ALIASES]) IN ($[COMPLEX_AGGR_FUNC],$[COMPLEX_AGGR_ALIAS]) SEP = ', ' #}"$[COMPLEX_AGGR_ALIAS]": $[COMPLEX_AGGR_FUNC]{# ENDFOR #}{# ENDIF #}
{# IF ($[DIRECT_MAP_ALIASES] != 'null') #}{# IF ($[COMMA_3] == 'true') #},{# ENDIF #}"$[SRC_ALIAS]:{({# FOR ($[DIRECT_MAP_ALIASES]) IN ($[DIRECT_MAP_ALIAS]) SEP = ', ' #}$[DIRECT_MAP_ALIAS]{# ENDFOR #})}": map(lambda row: {{# FOR ($[DIRECT_MAP_ALIASES]) IN ($[DIRECT_MAP_ALIAS]) SEP = ', ' #}"$[DIRECT_MAP_ALIAS]": row.$[DIRECT_MAP_ALIAS]{# ENDFOR #}}  ,G) {# ENDIF #}})));

def COUNT_STATE(x): return x[0] + x[1];

{# IF ($[RETENTION_PERIOD] == '0')#}

def updateState (v, s):
  {# IF ($[SPARK_STREAMING_DEBUG] == 'true') #}
  print "Current value"
  print(v);
  print "State"
  print(s);
  {# ENDIF #}
  if (s is None) or not s:
    {# IF ($[SPARK_STREAMING_DEBUG] == 'true') #}
    print "State is null"
    {# ENDIF #}
    return v[0];
  if (v is None) or not v:
    {# IF ($[SPARK_STREAMING_DEBUG] == 'true') #}
    print "Current value is null"
    {# ENDIF #}
    return s;
  else:
    {# IF ($[SPARK_STREAMING_DEBUG] == 'true') #}
    print "Merging current value and state"
    {# ENDIF #}
    v = v[0];
    s = s;
    data = Row(**{{# IF ($[GROUP_BY_ALIASES] != 'null') #}{# FOR ($[GROUP_BY_ALIASES]) IN ($[GROUP_BY_ALIAS]) SEP = ', ' #}"$[GROUP_BY_ALIAS]":v.$[GROUP_BY_ALIAS]{# ENDFOR #}{# ENDIF #}
    {# IF ($[SIMPLE_AGGR_ALIASES] != 'null') #}{# IF ($[COMMA_1] == 'true') #},{# ENDIF #}{# FOR ($[SIMPLE_AGGR_FUNCS],$[SIMPLE_AGGR_ALIASES]) IN ($[SIMPLE_AGGR_FUNC],$[SIMPLE_AGGR_ALIAS]) SEP = ', ' #}"$[SIMPLE_AGGR_ALIAS]":{# IF ($[SIMPLE_AGGR_FUNC] == 'COUNT') #}$[SIMPLE_AGGR_FUNC]_STATE{# ELSE #}$[SIMPLE_AGGR_FUNC]{# ENDIF #}([v.$[SIMPLE_AGGR_ALIAS], s.$[SIMPLE_AGGR_ALIAS]]){# ENDFOR #}{# ENDIF #}
    {# IF ($[COMPLEX_AGGR_ALIASES] != 'null') #}{# IF ($[COMMA_2] == 'true') #},{# ENDIF #}{# FOR ($[COMPLEX_AGGR_ALIASES]) IN ($[COMPLEX_AGGR_ALIAS]) SEP = ', ' #}"$[COMPLEX_AGGR_ALIAS]":v.$[COMPLEX_AGGR_ALIAS]{# ENDFOR #}{# ENDIF #}
    {# IF ($[DIRECT_MAP_ALIASES] != 'null') #}{# IF ($[COMMA_3] == 'true') #},{# ENDIF #}{# FOR ($[DIRECT_MAP_ALIASES]) IN ($[DIRECT_MAP_ALIAS]) SEP = ', ' #}"$[DIRECT_MAP_ALIAS]":v.$[DIRECT_MAP_ALIAS]{# ENDFOR #} {# ENDIF #}})

    return data;

$[TGT_ALIAS]_STATE = $[TGT_ALIAS].updateStateByKey(updateState)
{# IF ($[UPDATES_ONLY] == 'true'#}
$[TGT_ALIAS]_STATE = $[TGT_ALIAS]_STATE.join($[TGT_ALIAS])
$[TGT_ALIAS] = $[TGT_ALIAS]_STATE.map(lambda (K, G):G[0])
{# ELSE #}
$[TGT_ALIAS] = $[TGT_ALIAS]_STATE.map(lambda (K, G):G)
{# ENDIF #}

{# ELSE #}

$[TGT_ALIAS] = $[TGT_ALIAS].map(lambda (K, G):(K,[G, datetime.now()]))

def updateState (v, s):
  {# IF ($[SPARK_STREAMING_DEBUG] == 'true') #}
  print "Current value"
  print(v);
  print "State"
  print(s);
  {# ENDIF #}
  if (s is None) or not s:
    {# IF ($[SPARK_STREAMING_DEBUG] == 'true') #}
    print "State is null"
    {# ENDIF #}
    return v[0];
  current = datetime.now();
  duration = current - s[1];
  {# IF ($[SPARK_STREAMING_DEBUG] == 'true') #}
  print "Timestamp"
  print(duration.seconds)
  {# ENDIF #}
  if (v is None) or not v:
    {# IF ($[SPARK_STREAMING_DEBUG] == 'true') #}
    print "Current value is null"
    {# ENDIF #}
    if duration.seconds > $[RETENTION_PERIOD]:
       {# IF ($[SPARK_STREAMING_DEBUG] == 'true') #}
       print "Retention period exceeded"
       {# ENDIF #}
       return None
    else:
       return s;
  else:
    {# IF ($[SPARK_STREAMING_DEBUG] == 'true') #}
    print "Merging current value and state"
    {# ENDIF #}
    v = v[0][0];
    s = s[0];
    data = Row(**{{# IF ($[GROUP_BY_ALIASES] != 'null') #}{# FOR ($[GROUP_BY_ALIASES]) IN ($[GROUP_BY_ALIAS]) SEP = ', ' #}"$[GROUP_BY_ALIAS]":v.$[GROUP_BY_ALIAS]{# ENDFOR #}{# ENDIF #}
    {# IF ($[SIMPLE_AGGR_ALIASES] != 'null') #}{# IF ($[COMMA_1] == 'true') #},{# ENDIF #}{# FOR ($[SIMPLE_AGGR_FUNCS],$[SIMPLE_AGGR_ALIASES]) IN ($[SIMPLE_AGGR_FUNC],$[SIMPLE_AGGR_ALIAS]) SEP = ', ' #}"$[SIMPLE_AGGR_ALIAS]":{# IF ($[SIMPLE_AGGR_FUNC] == 'COUNT') #}$[SIMPLE_AGGR_FUNC]_STATE{# ELSE #}$[SIMPLE_AGGR_FUNC]{# ENDIF #}([v.$[SIMPLE_AGGR_ALIAS], s.$[SIMPLE_AGGR_ALIAS]]){# ENDFOR #}{# ENDIF #}
    {# IF ($[COMPLEX_AGGR_ALIASES] != 'null') #}{# IF ($[COMMA_2] == 'true') #},{# ENDIF #}{# FOR ($[COMPLEX_AGGR_ALIASES]) IN ($[COMPLEX_AGGR_ALIAS]) SEP = ', ' #}"$[COMPLEX_AGGR_ALIAS]":v.$[COMPLEX_AGGR_ALIAS]{# ENDFOR #}{# ENDIF #}
    {# IF ($[DIRECT_MAP_ALIASES] != 'null') #}{# IF ($[COMMA_3] == 'true') #},{# ENDIF #}{# FOR ($[DIRECT_MAP_ALIASES]) IN ($[DIRECT_MAP_ALIAS]) SEP = ', ' #}"$[DIRECT_MAP_ALIAS]":v.$[DIRECT_MAP_ALIAS]{# ENDFOR #} {# ENDIF #}})

    return [data, datetime.now()];

$[TGT_ALIAS]_STATE = $[TGT_ALIAS].updateStateByKey(updateState)
{# IF ($[UPDATES_ONLY] == 'true'#}
$[TGT_ALIAS]_STATE = $[TGT_ALIAS]_STATE.join($[TGT_ALIAS])
$[TGT_ALIAS] = $[TGT_ALIAS]_STATE.map(lambda (K, G):G[0][0])
{# ELSE #}
$[TGT_ALIAS] = $[TGT_ALIAS]_STATE.map(lambda (K, G):G[0])
{# ENDIF #}

{# ENDIF #}

{# ELSE #}

$[TGT_ALIAS] = $[TGT_ALIAS].map(lambda (K, G):Row(**{{# IF ($[GROUP_BY_ALIASES] != 'null') #}{# IF ($[GROUP_BY_ALIASES.size()] == '1') #}"$[GROUP_BY_ALIASES.get(0)]":K{# ELSE #}{# FOR ($[GROUP_BY_ALIASES], $[GROUP_BY_INDICES]) IN ($[GROUP_BY_ALIAS], $[GROUP_BY_INDEX]) SEP = ', ' #}"$[GROUP_BY_ALIAS]":K[$[GROUP_BY_INDEX]]{# ENDFOR #}{# ENDIF #}{# ENDIF #}
{# IF ($[SIMPLE_AGGR_ALIASES] != 'null') #}{# IF ($[COMMA_1] == 'true') #},{# ENDIF #}{# FOR ($[SIMPLE_AGGR_FUNCS],$[SIMPLE_AGGR_ALIASES]) IN ($[SIMPLE_AGGR_FUNC],$[SIMPLE_AGGR_ALIAS]) SEP = ', ' #}"$[SIMPLE_AGGR_ALIAS]": $[SIMPLE_AGGR_FUNC](map((lambda row: row.$[SIMPLE_AGGR_ALIAS]), G)) {# ENDFOR #}{# ENDIF #}
{# IF ($[COMPLEX_AGGR_ALIASES] != 'null') #}{# IF ($[COMMA_2] == 'true') #},{# ENDIF #}{# FOR ($[COMPLEX_AGGR_FUNCS],$[COMPLEX_AGGR_ALIASES]) IN ($[COMPLEX_AGGR_FUNC],$[COMPLEX_AGGR_ALIAS]) SEP = ', ' #}"$[COMPLEX_AGGR_ALIAS]": $[COMPLEX_AGGR_FUNC]{# ENDFOR #}{# ENDIF #}
{# IF ($[DIRECT_MAP_ALIASES] != 'null') #}{# IF ($[COMMA_3] == 'true') #},{# ENDIF #}{# FOR ($[DIRECT_MAP_ALIASES]) IN ($[DIRECT_MAP_ALIAS]) SEP = ', ' #}"$[DIRECT_MAP_ALIAS]": map((lambda row: row.$[DIRECT_MAP_ALIAS])  ,G){# ENDFOR #} {# ENDIF #}}));

{# IF ($[SPARK_STREAMING_DEBUG] == 'true') #}
print("========= %s   : $[TGT_ALIAS] final map =========" % type($[TGT_ALIAS]).__name__)
{# IF ($[STREAMING_MODE] == 'true')#}
$[TGT_ALIAS].pprint()
{# ELSE #}
for line in $[TGT_ALIAS].collect():
    print line
{# ENDIF #}
{# ENDIF #}

{# ENDIF #}
{# INCLUDE = 'SparkPartitionRedistributeAndSort' #}
{# ENDIF #}

  ]]></Field>
	<Field name="TemplateVersion" type="java.lang.String">null</Field>
</Object>
<Object class="com.sunopsis.dwg.dbobj.SnpTemplateJoin">
		<Field name="GlobalId" type="java.lang.String"><![CDATA[bfd740ea-3421-46d3-9864-717ac3e10b73]]></Field>
	<Field name="IKmTemplate" type="com.sunopsis.sql.DbInt"><![CDATA[132]]></Field>
	<Field name="IKmTemplateRef" type="com.sunopsis.sql.DbInt"><![CDATA[176]]></Field>
</Object>
<Object class="com.sunopsis.dwg.dbobj.SnpTemplateJoin">
		<Field name="GlobalId" type="java.lang.String"><![CDATA[a46528c7-ac57-4f07-b607-a08e469eba19]]></Field>
	<Field name="IKmTemplate" type="com.sunopsis.sql.DbInt"><![CDATA[132]]></Field>
	<Field name="IKmTemplateRef" type="com.sunopsis.sql.DbInt"><![CDATA[144]]></Field>
</Object>
<Object class="com.sunopsis.dwg.dbobj.SnpTemplateJoin">
		<Field name="GlobalId" type="java.lang.String"><![CDATA[0dcc95ba-8281-4e3c-b4e7-7b1d23c6695c]]></Field>
	<Field name="IKmTemplate" type="com.sunopsis.sql.DbInt"><![CDATA[132]]></Field>
	<Field name="IKmTemplateRef" type="com.sunopsis.sql.DbInt"><![CDATA[175]]></Field>
</Object>
<Object class="com.sunopsis.dwg.dbobj.SnpKmTemplateJoin">
		<Field name="GlobalId" type="java.lang.String"><![CDATA[2ef90a64-118b-4289-bf64-3fc1c5ccdf15]]></Field>
	<Field name="ISnpKmTemplate" type="com.sunopsis.sql.DbInt"><![CDATA[132]]></Field>
	<Field name="ISnpTrt" type="com.sunopsis.sql.DbInt"><![CDATA[148]]></Field>
</Object>
<Object class="com.sunopsis.dwg.dbobj.SnpKmTemplateJoin">
		<Field name="GlobalId" type="java.lang.String"><![CDATA[3b1b2fb4-ff48-433a-a5e4-e58094f65873]]></Field>
	<Field name="ISnpKmTemplate" type="com.sunopsis.sql.DbInt"><![CDATA[132]]></Field>
	<Field name="ISnpTrt" type="com.sunopsis.sql.DbInt"><![CDATA[150]]></Field>
</Object>
<Object class="com.sunopsis.dwg.dbobj.SnpKmTemplateJoin">
		<Field name="GlobalId" type="java.lang.String"><![CDATA[b01ddab1-760c-4d03-bab7-368f6f476081]]></Field>
	<Field name="ISnpKmTemplate" type="com.sunopsis.sql.DbInt"><![CDATA[132]]></Field>
	<Field name="ISnpTrt" type="com.sunopsis.sql.DbInt"><![CDATA[151]]></Field>
</Object>
<Object class="com.sunopsis.dwg.dbobj.SnpKmTemplateJoin">
		<Field name="GlobalId" type="java.lang.String"><![CDATA[f946c30c-d37f-4c16-91a0-f343f9bc0775]]></Field>
	<Field name="ISnpKmTemplate" type="com.sunopsis.sql.DbInt"><![CDATA[132]]></Field>
	<Field name="ISnpTrt" type="com.sunopsis.sql.DbInt"><![CDATA[146]]></Field>
</Object>
<Object class="com.sunopsis.dwg.dbobj.SnpKmTemplateJoin">
		<Field name="GlobalId" type="java.lang.String"><![CDATA[97a8d0c4-4f4c-44a7-a44a-a7d8f30d71c1]]></Field>
	<Field name="ISnpKmTemplate" type="com.sunopsis.sql.DbInt"><![CDATA[132]]></Field>
	<Field name="ISnpTrt" type="com.sunopsis.sql.DbInt"><![CDATA[144]]></Field>
</Object>
<Object class="com.sunopsis.dwg.dbobj.SnpKmTemplateJoin">
		<Field name="GlobalId" type="java.lang.String"><![CDATA[847a984d-223e-4d83-b722-f35e9d6350bc]]></Field>
	<Field name="ISnpKmTemplate" type="com.sunopsis.sql.DbInt"><![CDATA[132]]></Field>
	<Field name="ISnpTrt" type="com.sunopsis.sql.DbInt"><![CDATA[165]]></Field>
</Object>
<Object class="com.sunopsis.dwg.dbobj.SnpKmTemplateJoin">
		<Field name="GlobalId" type="java.lang.String"><![CDATA[a48c6f0e-ca82-454a-b023-0ff2aa5c96b1]]></Field>
	<Field name="ISnpKmTemplate" type="com.sunopsis.sql.DbInt"><![CDATA[132]]></Field>
	<Field name="ISnpTrt" type="com.sunopsis.sql.DbInt"><![CDATA[143]]></Field>
</Object>
<Object class="com.sunopsis.dwg.dbobj.SnpKmTemplateJoin">
		<Field name="GlobalId" type="java.lang.String"><![CDATA[d5078494-bc26-48da-9b54-dde314d53cd4]]></Field>
	<Field name="ISnpKmTemplate" type="com.sunopsis.sql.DbInt"><![CDATA[132]]></Field>
	<Field name="ISnpTrt" type="com.sunopsis.sql.DbInt"><![CDATA[137]]></Field>
</Object>
<Object class="com.sunopsis.dwg.dbobj.SnpKmTemplateJoin">
		<Field name="GlobalId" type="java.lang.String"><![CDATA[364e55b0-2fb7-4600-95e0-fced4e5b9eed]]></Field>
	<Field name="ISnpKmTemplate" type="com.sunopsis.sql.DbInt"><![CDATA[132]]></Field>
	<Field name="ISnpTrt" type="com.sunopsis.sql.DbInt"><![CDATA[142]]></Field>
</Object>
<Object class="com.sunopsis.dwg.dbobj.SnpFKXRef">
		<Field name="RefKey" type="java.lang.String"><![CDATA[SNP_KMTEMPLATE.132]]></Field>
	<Field name="RefObjGlobalId" type="java.lang.String"><![CDATA[fa46e622-2d00-11e6-9419-00163e1ffd72]]></Field>
 <Field name="RefObjFQName" type="java.lang.String"><![CDATA[SparkGroupCmd]]></Field>
 <Field name="RefObjFQType" type="java.lang.String"><![CDATA[SNP_KMTEMPLATE]]></Field>
 <Field name="RefObjFQNameLengths" type="java.lang.String"><![CDATA[13]]></Field>
</Object>
<Object class="com.sunopsis.dwg.dbobj.SnpFKXRef">
		<Field name="RefKey" type="java.lang.String"><![CDATA[SNP_KMTEMPLATE.176]]></Field>
	<Field name="RefObjGlobalId" type="java.lang.String"><![CDATA[0519558e-4d77-490a-bacb-69b2a2b2fad5]]></Field>
 <Field name="RefObjFQName" type="java.lang.String"><![CDATA[SparkPartitionRedistributeAndSortDF]]></Field>
 <Field name="RefObjFQType" type="java.lang.String"><![CDATA[SNP_KMTEMPLATE]]></Field>
 <Field name="RefObjFQNameLengths" type="java.lang.String"><![CDATA[35]]></Field>
</Object>
<Object class="com.sunopsis.dwg.dbobj.SnpFKXRef">
		<Field name="RefKey" type="java.lang.String"><![CDATA[SNP_KMTEMPLATE.144]]></Field>
	<Field name="RefObjGlobalId" type="java.lang.String"><![CDATA[97fe9946-a4d5-4618-a15a-8d5b13a74326]]></Field>
 <Field name="RefObjFQName" type="java.lang.String"><![CDATA[SparkPartitionRedistributeAndSort]]></Field>
 <Field name="RefObjFQType" type="java.lang.String"><![CDATA[SNP_KMTEMPLATE]]></Field>
 <Field name="RefObjFQNameLengths" type="java.lang.String"><![CDATA[33]]></Field>
</Object>
<Object class="com.sunopsis.dwg.dbobj.SnpFKXRef">
		<Field name="RefKey" type="java.lang.String"><![CDATA[SNP_KMTEMPLATE.175]]></Field>
	<Field name="RefObjGlobalId" type="java.lang.String"><![CDATA[a77950f0-a905-4991-98c6-d46e415581d9]]></Field>
 <Field name="RefObjFQName" type="java.lang.String"><![CDATA[SparkGroupCmdDF]]></Field>
 <Field name="RefObjFQType" type="java.lang.String"><![CDATA[SNP_KMTEMPLATE]]></Field>
 <Field name="RefObjFQNameLengths" type="java.lang.String"><![CDATA[15]]></Field>
</Object>
<Object class="com.sunopsis.dwg.dbobj.SnpFKXRef">
		<Field name="RefKey" type="java.lang.String"><![CDATA[SNP_TRT.148]]></Field>
	<Field name="RefObjGlobalId" type="java.lang.String"><![CDATA[dabbcab5-caeb-423c-b6f2-bfb106747464]]></Field>
 <Field name="RefObjFQName" type="java.lang.String"><![CDATA[LKM Spark to Kafka]]></Field>
 <Field name="RefObjFQType" type="java.lang.String"><![CDATA[SNP_TRT]]></Field>
 <Field name="RefObjFQNameLengths" type="java.lang.String"><![CDATA[18]]></Field>
</Object>
<Object class="com.sunopsis.dwg.dbobj.SnpFKXRef">
		<Field name="RefKey" type="java.lang.String"><![CDATA[SNP_TRT.150]]></Field>
	<Field name="RefObjGlobalId" type="java.lang.String"><![CDATA[1FD1D82B9F005A53E053CCC0E40AC733]]></Field>
 <Field name="RefObjFQName" type="java.lang.String"><![CDATA[LKM Spark to SQL]]></Field>
 <Field name="RefObjFQType" type="java.lang.String"><![CDATA[SNP_TRT]]></Field>
 <Field name="RefObjFQNameLengths" type="java.lang.String"><![CDATA[16]]></Field>
</Object>
<Object class="com.sunopsis.dwg.dbobj.SnpFKXRef">
		<Field name="RefKey" type="java.lang.String"><![CDATA[SNP_TRT.151]]></Field>
	<Field name="RefObjGlobalId" type="java.lang.String"><![CDATA[28C4768839C04BAEE053CCC0E40AAAF7]]></Field>
 <Field name="RefObjFQName" type="java.lang.String"><![CDATA[LKM Spark to Cassandra]]></Field>
 <Field name="RefObjFQType" type="java.lang.String"><![CDATA[SNP_TRT]]></Field>
 <Field name="RefObjFQNameLengths" type="java.lang.String"><![CDATA[22]]></Field>
</Object>
<Object class="com.sunopsis.dwg.dbobj.SnpFKXRef">
		<Field name="RefKey" type="java.lang.String"><![CDATA[SNP_TRT.146]]></Field>
	<Field name="RefObjGlobalId" type="java.lang.String"><![CDATA[c2f113d5-e22b-4237-b25c-545872875536]]></Field>
 <Field name="RefObjFQName" type="java.lang.String"><![CDATA[LKM Spark to Hive]]></Field>
 <Field name="RefObjFQType" type="java.lang.String"><![CDATA[SNP_TRT]]></Field>
 <Field name="RefObjFQNameLengths" type="java.lang.String"><![CDATA[17]]></Field>
</Object>
<Object class="com.sunopsis.dwg.dbobj.SnpFKXRef">
		<Field name="RefKey" type="java.lang.String"><![CDATA[SNP_TRT.144]]></Field>
	<Field name="RefObjGlobalId" type="java.lang.String"><![CDATA[995beb67-0645-4aa4-bb49-5bce5ab0c79a]]></Field>
 <Field name="RefObjFQName" type="java.lang.String"><![CDATA[LKM Spark to Storage Cloud Service]]></Field>
 <Field name="RefObjFQType" type="java.lang.String"><![CDATA[SNP_TRT]]></Field>
 <Field name="RefObjFQNameLengths" type="java.lang.String"><![CDATA[34]]></Field>
</Object>
<Object class="com.sunopsis.dwg.dbobj.SnpFKXRef">
		<Field name="RefKey" type="java.lang.String"><![CDATA[SNP_TRT.165]]></Field>
	<Field name="RefObjGlobalId" type="java.lang.String"><![CDATA[310d86cf-27e0-48c0-ae73-82685449bcce]]></Field>
 <Field name="RefObjFQName" type="java.lang.String"><![CDATA[IKM Spark Table Function]]></Field>
 <Field name="RefObjFQType" type="java.lang.String"><![CDATA[SNP_TRT]]></Field>
 <Field name="RefObjFQNameLengths" type="java.lang.String"><![CDATA[24]]></Field>
</Object>
<Object class="com.sunopsis.dwg.dbobj.SnpFKXRef">
		<Field name="RefKey" type="java.lang.String"><![CDATA[SNP_TRT.143]]></Field>
	<Field name="RefObjGlobalId" type="java.lang.String"><![CDATA[dc7106dd-f608-4749-bd72-076f94908725]]></Field>
 <Field name="RefObjFQName" type="java.lang.String"><![CDATA[LKM Spark to Object Storage]]></Field>
 <Field name="RefObjFQType" type="java.lang.String"><![CDATA[SNP_TRT]]></Field>
 <Field name="RefObjFQNameLengths" type="java.lang.String"><![CDATA[27]]></Field>
</Object>
<Object class="com.sunopsis.dwg.dbobj.SnpFKXRef">
		<Field name="RefKey" type="java.lang.String"><![CDATA[SNP_TRT.137]]></Field>
	<Field name="RefObjGlobalId" type="java.lang.String"><![CDATA[1986feab-eca2-4f5a-96a8-ecf827ac7cda]]></Field>
 <Field name="RefObjFQName" type="java.lang.String"><![CDATA[LKM Spark to File]]></Field>
 <Field name="RefObjFQType" type="java.lang.String"><![CDATA[SNP_TRT]]></Field>
 <Field name="RefObjFQNameLengths" type="java.lang.String"><![CDATA[17]]></Field>
</Object>
<Object class="com.sunopsis.dwg.dbobj.SnpFKXRef">
		<Field name="RefKey" type="java.lang.String"><![CDATA[SNP_TRT.142]]></Field>
	<Field name="RefObjGlobalId" type="java.lang.String"><![CDATA[2B7D95B0B8A32C45E053E603C40A5DCB]]></Field>
 <Field name="RefObjFQName" type="java.lang.String"><![CDATA[LKM Spark to HDFS]]></Field>
 <Field name="RefObjFQType" type="java.lang.String"><![CDATA[SNP_TRT]]></Field>
 <Field name="RefObjFQNameLengths" type="java.lang.String"><![CDATA[17]]></Field>
</Object>
<Object class="com.sunopsis.dwg.DwgExportSummary">
		<Field name="ExpTxtNb" type="com.sunopsis.sql.DbInt"><![CDATA[0]]></Field>
	<Field name="InstObjNb" type="com.sunopsis.sql.DbInt"><![CDATA[0]]></Field>
	<Field name="JoinColNb" type="com.sunopsis.sql.DbInt"><![CDATA[0]]></Field>
	<Field name="JoinNb" type="com.sunopsis.sql.DbInt"><![CDATA[0]]></Field>
	<Field name="KeyColNb" type="com.sunopsis.sql.DbInt"><![CDATA[0]]></Field>
	<Field name="KeyNb" type="com.sunopsis.sql.DbInt"><![CDATA[0]]></Field>
	<Field name="LinkDiagNb" type="com.sunopsis.sql.DbInt"><![CDATA[0]]></Field>
	<Field name="MorigTxtNb" type="com.sunopsis.sql.DbInt"><![CDATA[0]]></Field>
	<Field name="MtxtNb" type="com.sunopsis.sql.DbInt"><![CDATA[0]]></Field>
	<Field name="OrigTxtNb" type="com.sunopsis.sql.DbInt"><![CDATA[0]]></Field>
	<Field name="OtherObjectsNb" type="com.sunopsis.sql.DbInt"><![CDATA[13]]></Field>
	<Field name="PlanAgentNb" type="com.sunopsis.sql.DbInt"><![CDATA[0]]></Field>
	<Field name="StepNb" type="com.sunopsis.sql.DbInt"><![CDATA[0]]></Field>
	<Field name="TxtNb" type="com.sunopsis.sql.DbInt"><![CDATA[0]]></Field>
	<Field name="UeOrigNb" type="com.sunopsis.sql.DbInt"><![CDATA[0]]></Field>
	<Field name="UeUsedNb" type="com.sunopsis.sql.DbInt"><![CDATA[0]]></Field>
	<Field name="VarPlanAgentNb" type="com.sunopsis.sql.DbInt"><![CDATA[0]]></Field>
	<Field name="ScenTxtNb" type="com.sunopsis.sql.DbInt"><![CDATA[0]]></Field>
	<Field name="OdiVersion" type="java.lang.String"><![CDATA[12.2.1]]></Field>
	<Field name="OriginRepositoryID" type="com.sunopsis.sql.DbInt"><![CDATA[11]]></Field>
	<Field name="RepositoryVersion" type="java.lang.String"><![CDATA[05.02.02.09]]></Field>
</Object>
</SunopsisExport>
