<?xml version="1.0" encoding="UTF-8"?>
<SunopsisExport>
<Admin RepositoryVersion="05.02.02.09" IsLegacyIdCompatible="false" />
<Encryption algorithm="AES" keyLength="128" exportKeyHash="r2yK9ULyXe7SCAGRKRhqLrSZ2QBUZ6ZcvfJCxRt+nPE=" keyVect="JVXqZnp0lO4baeUeqyCdCA==" exportKeySalt="652dc417-5309-4f50-8537-890afb7d789c" containsCipherText="false"/>
<Object class="com.sunopsis.dwg.dbobj.SnpKmTemplate">
		<Field name="FirstDate" type="java.sql.Timestamp"><![CDATA[2021-08-27 16:25:16.0]]></Field>
	<Field name="FirstUser" type="java.lang.String"><![CDATA[SUNOPSIS_INSTALL]]></Field>
	<Field name="GlobalId" type="java.lang.String"><![CDATA[4570E4B0B274E895E053E603C40A3AE7]]></Field>
	<Field name="IndChange" type="java.lang.String"><![CDATA[I]]></Field>
	<Field name="IndIsSeeded" type="java.lang.String"><![CDATA[1]]></Field>
	<Field name="IndLangTrans" type="java.lang.String"><![CDATA[1]]></Field>
	<Field name="IndReplNl" type="java.lang.String"><![CDATA[1]]></Field>
	<Field name="IntVersion" type="com.sunopsis.sql.DbInt"><![CDATA[1]]></Field>
	<Field name="IKmTemplate" type="com.sunopsis.sql.DbInt"><![CDATA[147]]></Field>
	<Field name="LangName" type="java.lang.String"><![CDATA[PYTHON]]></Field>
	<Field name="LastDate" type="java.sql.Timestamp"><![CDATA[2021-08-27 16:25:16.0]]></Field>
	<Field name="LastUser" type="java.lang.String"><![CDATA[SUNOPSIS_INSTALL]]></Field>
	<Field name="Name" type="java.lang.String"><![CDATA[SparkDefDStreamSaveFuncCMPLX]]></Field>
	<Field name="TechnoName" type="java.lang.String"><![CDATA[SPARK_PYTHON]]></Field>
	<Field name="TemplateText" type="java.lang.String"><![CDATA[
{# IF ($[DF_INFER_SCHEMA] == 'false') #}
schema = StructType([{# FOR ($[TGT_SCHEMA_TYPES]) IN ($[TGT_SCHEMA_TYPE]) SEP = ',
' #}
  StructField($[TGT_SCHEMA_TYPE], True) {# ENDFOR #}])
{# ENDIF #}

{# IF ($[STORE_FUNCTION] == 'csv') #}
if sparkVersion > 200:
  store_format = "org.apache.spark.sql.execution.datasources.csv.CSVFileFormat"
else:
  store_format = "com.databricks.spark.csv"
{# ELSE #}
store_format = "$[STORE_FUNCTION]"
{# ENDIF #}

def getSqlContextInstance(sparkContext):
  if ('sqlContextSingletonInstance' not in globals()):
     if sparkVersionNum(sparkContext.version) > 200:
       globals()['sqlContextSingletonInstance'] = SparkSession(sparkContext)
     else:
       globals()['sqlContextSingletonInstance'] = SQLContext(sparkContext)
  return globals()['sqlContextSingletonInstance']

def internalSaveRDDtoComplexFile(path):
  def saveFunc(t, rdd):
    from py4j.protocol import Py4JJavaError
    print("========= %s, %s =========" % (type(rdd).__name__, str(t)))
    if not rdd.isEmpty():
      print("Some rows")
{# IF ($[SPARK_STREAMING_DEBUG] == 'true') #}
      for line in rdd.collect():
        print line
{# ENDIF #}
      try:
        sqlctx = getSqlContextInstance(rdd.context)
{# IF ($[DF_INFER_SCHEMA] == 'false') #}
        rdd = sqlctx.createDataFrame(rdd, schema)
{# ELSE #}
        rdd = rdd.map(lambda row : Row(**row) if isinstance(row,dict) else row)
{# IF ($[SPARK_STREAMING_DEBUG] == 'true') #}
        for line in rdd.collect() :
          print line
{# ENDIF #}
{# IF ($[DF_SAMPLING_RATIO] == '0') #}
        rdd = sqlctx.createDataFrame(rdd)
{# ELSE #}
        rdd = sqlctx.createDataFrame(rdd, None, $[DF_SAMPLING_RATIO])
{# ENDIF #}
{# IF ($[SPARK_STREAMING_DEBUG] == 'true') #}
        rdd.show()
{# ENDIF #}
        colNames = [{# FOR ($[TGT_COLUMN_NAMES]) IN ($[TGT_COLUMN_NAME]) SEP = ','#}'$[TGT_COLUMN_NAME]'{# ENDFOR #}]
        rdd = rdd.select(*colNames)
{# ENDIF #}
{# IF ($[SPARK_STREAMING_DEBUG] == 'true') #}
        rdd.show()
{# ENDIF #}
        rdd.write.format(store_format){# IF ($[HDFS_STORE_OPTIONS] != 'null') #}.$[HDFS_STORE_OPTIONS]{# ENDIF #}.save(path + '-' + t.strftime('%Y%m%d%H%M%S%f'))
      except Py4JJavaError as e:
        if 'FileAlreadyExistsException' not in str(e):raise
    else:
      print("No rows")
  return saveFunc
    ]]></Field>
	<Field name="TemplateVersion" type="java.lang.String">null</Field>
</Object>
<Object class="com.sunopsis.dwg.dbobj.SnpTemplateJoin">
		<Field name="GlobalId" type="java.lang.String"><![CDATA[1c708fd9-b504-4d44-b5d0-7c764f776adc]]></Field>
	<Field name="IKmTemplate" type="com.sunopsis.sql.DbInt"><![CDATA[113]]></Field>
	<Field name="IKmTemplateRef" type="com.sunopsis.sql.DbInt"><![CDATA[147]]></Field>
</Object>
<Object class="com.sunopsis.dwg.dbobj.SnpTemplateJoin">
		<Field name="GlobalId" type="java.lang.String"><![CDATA[6b86d499-4bec-48eb-bf9a-81d62a439277]]></Field>
	<Field name="IKmTemplate" type="com.sunopsis.sql.DbInt"><![CDATA[112]]></Field>
	<Field name="IKmTemplateRef" type="com.sunopsis.sql.DbInt"><![CDATA[147]]></Field>
</Object>
<Object class="com.sunopsis.dwg.dbobj.SnpFKXRef">
		<Field name="RefKey" type="java.lang.String"><![CDATA[SNP_KMTEMPLATE.113]]></Field>
	<Field name="RefObjGlobalId" type="java.lang.String"><![CDATA[fa46e334-2d00-11e6-940d-00163e1ffd72]]></Field>
 <Field name="RefObjFQName" type="java.lang.String"><![CDATA[SparkStoreCmdStreaming]]></Field>
 <Field name="RefObjFQType" type="java.lang.String"><![CDATA[SNP_KMTEMPLATE]]></Field>
 <Field name="RefObjFQNameLengths" type="java.lang.String"><![CDATA[22]]></Field>
</Object>
<Object class="com.sunopsis.dwg.dbobj.SnpFKXRef">
		<Field name="RefKey" type="java.lang.String"><![CDATA[SNP_KMTEMPLATE.147]]></Field>
	<Field name="RefObjGlobalId" type="java.lang.String"><![CDATA[4570E4B0B274E895E053E603C40A3AE7]]></Field>
 <Field name="RefObjFQName" type="java.lang.String"><![CDATA[SparkDefDStreamSaveFuncCMPLX]]></Field>
 <Field name="RefObjFQType" type="java.lang.String"><![CDATA[SNP_KMTEMPLATE]]></Field>
 <Field name="RefObjFQNameLengths" type="java.lang.String"><![CDATA[28]]></Field>
</Object>
<Object class="com.sunopsis.dwg.dbobj.SnpFKXRef">
		<Field name="RefKey" type="java.lang.String"><![CDATA[SNP_KMTEMPLATE.112]]></Field>
	<Field name="RefObjGlobalId" type="java.lang.String"><![CDATA[fa46e316-2d00-11e6-940c-00163e1ffd72]]></Field>
 <Field name="RefObjFQName" type="java.lang.String"><![CDATA[SparkStoreCmd]]></Field>
 <Field name="RefObjFQType" type="java.lang.String"><![CDATA[SNP_KMTEMPLATE]]></Field>
 <Field name="RefObjFQNameLengths" type="java.lang.String"><![CDATA[13]]></Field>
</Object>
<Object class="com.sunopsis.dwg.DwgExportSummary">
		<Field name="ExpTxtNb" type="com.sunopsis.sql.DbInt"><![CDATA[0]]></Field>
	<Field name="InstObjNb" type="com.sunopsis.sql.DbInt"><![CDATA[0]]></Field>
	<Field name="JoinColNb" type="com.sunopsis.sql.DbInt"><![CDATA[0]]></Field>
	<Field name="JoinNb" type="com.sunopsis.sql.DbInt"><![CDATA[0]]></Field>
	<Field name="KeyColNb" type="com.sunopsis.sql.DbInt"><![CDATA[0]]></Field>
	<Field name="KeyNb" type="com.sunopsis.sql.DbInt"><![CDATA[0]]></Field>
	<Field name="LinkDiagNb" type="com.sunopsis.sql.DbInt"><![CDATA[0]]></Field>
	<Field name="MorigTxtNb" type="com.sunopsis.sql.DbInt"><![CDATA[0]]></Field>
	<Field name="MtxtNb" type="com.sunopsis.sql.DbInt"><![CDATA[0]]></Field>
	<Field name="OrigTxtNb" type="com.sunopsis.sql.DbInt"><![CDATA[0]]></Field>
	<Field name="OtherObjectsNb" type="com.sunopsis.sql.DbInt"><![CDATA[3]]></Field>
	<Field name="PlanAgentNb" type="com.sunopsis.sql.DbInt"><![CDATA[0]]></Field>
	<Field name="StepNb" type="com.sunopsis.sql.DbInt"><![CDATA[0]]></Field>
	<Field name="TxtNb" type="com.sunopsis.sql.DbInt"><![CDATA[0]]></Field>
	<Field name="UeOrigNb" type="com.sunopsis.sql.DbInt"><![CDATA[0]]></Field>
	<Field name="UeUsedNb" type="com.sunopsis.sql.DbInt"><![CDATA[0]]></Field>
	<Field name="VarPlanAgentNb" type="com.sunopsis.sql.DbInt"><![CDATA[0]]></Field>
	<Field name="ScenTxtNb" type="com.sunopsis.sql.DbInt"><![CDATA[0]]></Field>
	<Field name="OdiVersion" type="java.lang.String"><![CDATA[12.2.1]]></Field>
	<Field name="OriginRepositoryID" type="com.sunopsis.sql.DbInt"><![CDATA[11]]></Field>
	<Field name="RepositoryVersion" type="java.lang.String"><![CDATA[05.02.02.09]]></Field>
</Object>
</SunopsisExport>
