<?xml version="1.0" encoding="UTF-8"?>
<SunopsisExport>
<Admin RepositoryVersion="05.02.02.09" IsLegacyIdCompatible="false" />
<Encryption algorithm="AES" keyLength="128" exportKeyHash="JLJA7nipChBz+51D2os4BSplTc7/fv/Z8bVEZp4MKuU=" keyVect="NP4r3TL2DpvTTrxNqB27ew==" exportKeySalt="a1840373-ef11-40a8-a17d-9920444e9389" containsCipherText="false"/>
<Object class="com.sunopsis.dwg.dbobj.SnpLschema">
		<Field name="ExtVersion" type="java.lang.String">null</Field>
	<Field name="FirstDate" type="java.sql.Timestamp"><![CDATA[2021-05-08 15:09:53.0]]></Field>
	<Field name="FirstUser" type="java.lang.String"><![CDATA[SUPERVISOR]]></Field>
	<Field name="GlobalId" type="java.lang.String"><![CDATA[bfbc1429-dc2e-4ef0-9c93-3c3fd0d00a26]]></Field>
	<Field name="IndChange" type="java.lang.String"><![CDATA[U]]></Field>
	<Field name="IntVersion" type="com.sunopsis.sql.DbInt"><![CDATA[2]]></Field>
	<Field name="ILschema" type="com.sunopsis.sql.DbInt"><![CDATA[6]]></Field>
	<Field name="ITechno" type="com.sunopsis.sql.DbInt"><![CDATA[10]]></Field>
	<Field name="ITgtDbLs" type="com.sunopsis.sql.DbInt"><![CDATA[null]]></Field>
	<Field name="LastDate" type="java.sql.Timestamp"><![CDATA[2021-05-08 15:10:00.0]]></Field>
	<Field name="LastUser" type="java.lang.String"><![CDATA[SUPERVISOR]]></Field>
	<Field name="LschemaName" type="java.lang.String"><![CDATA[JSON_LOAD]]></Field>
	<Field name="ProcessType" type="java.lang.String">null</Field>
</Object>
<Object class="com.sunopsis.dwg.dbobj.SnpPschemaCont">
		<Field name="FirstDate" type="java.sql.Timestamp"><![CDATA[2021-05-08 15:10:00.0]]></Field>
	<Field name="FirstUser" type="java.lang.String"><![CDATA[SUPERVISOR]]></Field>
	<Field name="GlobalId" type="java.lang.String"><![CDATA[df705ac8-b5ae-49ea-9092-c9690c7f423a]]></Field>
	<Field name="IntVersion" type="com.sunopsis.sql.DbInt"><![CDATA[1]]></Field>
	<Field name="IContext" type="com.sunopsis.sql.DbInt"><![CDATA[4]]></Field>
	<Field name="ILschema" type="com.sunopsis.sql.DbInt"><![CDATA[6]]></Field>
	<Field name="IPschema" type="com.sunopsis.sql.DbInt"><![CDATA[6]]></Field>
	<Field name="LastDate" type="java.sql.Timestamp"><![CDATA[2021-05-08 15:10:00.0]]></Field>
	<Field name="LastUser" type="java.lang.String"><![CDATA[SUPERVISOR]]></Field>
</Object>
<Object class="com.sunopsis.dwg.dbobj.SnpReferencedObject">
		<Field name="IObject" type="com.sunopsis.sql.DbInt"><![CDATA[1700]]></Field>
	<Field name="ObjectPKasString" type="java.lang.String"><![CDATA[4]]></Field>
	<Field name="ObjectAKasString" type="java.lang.String"><![CDATA[GLOBAL]]></Field>
	<Field name="Description" type="java.lang.String"><![CDATA[SNP_CONTEXT : Global]]></Field>
 <Field name="GlobalId" type="java.lang.String"><![CDATA[af79390f-548b-3f6e-b5dc-b152c271c701]]></Field>
</Object>
<Object class="com.sunopsis.dwg.dbobj.SnpFKXRef">
		<Field name="RefKey" type="java.lang.String"><![CDATA[SNP_TECHNO.10]]></Field>
	<Field name="RefObjGlobalId" type="java.lang.String"><![CDATA[e425fad6-cd82-3ae5-85e9-d33f5c52decb]]></Field>
 <Field name="RefObjFQName" type="java.lang.String"><![CDATA[Complex File]]></Field>
 <Field name="RefObjFQType" type="java.lang.String"><![CDATA[SNP_TECHNO]]></Field>
 <Field name="RefObjFQNameLengths" type="java.lang.String"><![CDATA[12]]></Field>
</Object>
<Object class="com.sunopsis.dwg.dbobj.SnpFKXRef">
		<Field name="RefKey" type="java.lang.String"><![CDATA[SNP_CONTEXT.4]]></Field>
	<Field name="RefObjGlobalId" type="java.lang.String"><![CDATA[af79390f-548b-3f6e-b5dc-b152c271c701]]></Field>
 <Field name="RefObjFQName" type="java.lang.String"><![CDATA[Global]]></Field>
 <Field name="RefObjFQType" type="java.lang.String"><![CDATA[SNP_CONTEXT]]></Field>
 <Field name="RefObjFQNameLengths" type="java.lang.String"><![CDATA[6]]></Field>
</Object>
<Object class="com.sunopsis.dwg.dbobj.SnpFKXRef">
		<Field name="RefKey" type="java.lang.String"><![CDATA[SNP_LSCHEMA.6]]></Field>
	<Field name="RefObjGlobalId" type="java.lang.String"><![CDATA[bfbc1429-dc2e-4ef0-9c93-3c3fd0d00a26]]></Field>
 <Field name="RefObjFQName" type="java.lang.String"><![CDATA[Complex File.JSON_LOAD]]></Field>
 <Field name="RefObjFQType" type="java.lang.String"><![CDATA[SNP_TECHNO.SNP_LSCHEMA]]></Field>
 <Field name="RefObjFQNameLengths" type="java.lang.String"><![CDATA[12.9]]></Field>
</Object>
<Object class="com.sunopsis.dwg.dbobj.SnpFKXRef">
		<Field name="RefKey" type="java.lang.String"><![CDATA[SNP_PSCHEMA.6]]></Field>
	<Field name="RefObjGlobalId" type="java.lang.String"><![CDATA[8e12dfb7-9d72-450f-a238-5045d094ec32]]></Field>
 <Field name="RefObjFQName" type="java.lang.String"><![CDATA[Complex File.JSON_LOAD.JSON_LOAD.XSDSCHEMA]]></Field>
 <Field name="RefObjFQType" type="java.lang.String"><![CDATA[SNP_TECHNO.SNP_CONNECT.SNP_PSCHEMA]]></Field>
 <Field name="RefObjFQNameLengths" type="java.lang.String"><![CDATA[12.9.19]]></Field>
</Object>
<Object class="com.sunopsis.dwg.DwgExportSummary">
		<Field name="ExpTxtNb" type="com.sunopsis.sql.DbInt"><![CDATA[0]]></Field>
	<Field name="InstObjNb" type="com.sunopsis.sql.DbInt"><![CDATA[0]]></Field>
	<Field name="JoinColNb" type="com.sunopsis.sql.DbInt"><![CDATA[0]]></Field>
	<Field name="JoinNb" type="com.sunopsis.sql.DbInt"><![CDATA[0]]></Field>
	<Field name="KeyColNb" type="com.sunopsis.sql.DbInt"><![CDATA[0]]></Field>
	<Field name="KeyNb" type="com.sunopsis.sql.DbInt"><![CDATA[0]]></Field>
	<Field name="LinkDiagNb" type="com.sunopsis.sql.DbInt"><![CDATA[0]]></Field>
	<Field name="MorigTxtNb" type="com.sunopsis.sql.DbInt"><![CDATA[0]]></Field>
	<Field name="MtxtNb" type="com.sunopsis.sql.DbInt"><![CDATA[0]]></Field>
	<Field name="OrigTxtNb" type="com.sunopsis.sql.DbInt"><![CDATA[0]]></Field>
	<Field name="OtherObjectsNb" type="com.sunopsis.sql.DbInt"><![CDATA[2]]></Field>
	<Field name="PlanAgentNb" type="com.sunopsis.sql.DbInt"><![CDATA[0]]></Field>
	<Field name="StepNb" type="com.sunopsis.sql.DbInt"><![CDATA[0]]></Field>
	<Field name="TxtNb" type="com.sunopsis.sql.DbInt"><![CDATA[0]]></Field>
	<Field name="UeOrigNb" type="com.sunopsis.sql.DbInt"><![CDATA[0]]></Field>
	<Field name="UeUsedNb" type="com.sunopsis.sql.DbInt"><![CDATA[0]]></Field>
	<Field name="VarPlanAgentNb" type="com.sunopsis.sql.DbInt"><![CDATA[0]]></Field>
	<Field name="ScenTxtNb" type="com.sunopsis.sql.DbInt"><![CDATA[0]]></Field>
	<Field name="OdiVersion" type="java.lang.String"><![CDATA[12.2.1]]></Field>
	<Field name="OriginRepositoryID" type="com.sunopsis.sql.DbInt"><![CDATA[0]]></Field>
	<Field name="RepositoryVersion" type="java.lang.String"><![CDATA[05.02.02.09]]></Field>
</Object>
</SunopsisExport>
