<?xml version="1.0" encoding="UTF-8"?>
<SunopsisExport>
<Admin RepositoryVersion="05.02.02.09" IsLegacyIdCompatible="false" />
<Encryption algorithm="AES" keyLength="128" exportKeyHash="BNO7waRa6jcn5LnQqrL+e2oeEVzY0ROXuzQJ8luGijg=" keyVect="Fpbdk48OwV4BnmgfuVM+cQ==" exportKeySalt="a3acd171-225b-4ae9-b608-59b54350020c" containsCipherText="false"/>
<Object class="com.sunopsis.dwg.dbobj.SnpLschema">
		<Field name="ExtVersion" type="java.lang.String">null</Field>
	<Field name="FirstDate" type="java.sql.Timestamp"><![CDATA[2022-07-16 13:19:23.0]]></Field>
	<Field name="FirstUser" type="java.lang.String"><![CDATA[SUPERVISOR]]></Field>
	<Field name="GlobalId" type="java.lang.String"><![CDATA[0eb7c259-a043-414e-b27c-3bd564647031]]></Field>
	<Field name="IndChange" type="java.lang.String"><![CDATA[I]]></Field>
	<Field name="IntVersion" type="com.sunopsis.sql.DbInt"><![CDATA[1]]></Field>
	<Field name="ILschema" type="com.sunopsis.sql.DbInt"><![CDATA[64]]></Field>
	<Field name="ITechno" type="com.sunopsis.sql.DbInt"><![CDATA[74]]></Field>
	<Field name="ITgtDbLs" type="com.sunopsis.sql.DbInt"><![CDATA[null]]></Field>
	<Field name="LastDate" type="java.sql.Timestamp"><![CDATA[2022-07-16 13:19:23.0]]></Field>
	<Field name="LastUser" type="java.lang.String"><![CDATA[SUPERVISOR]]></Field>
	<Field name="LschemaName" type="java.lang.String"><![CDATA[l_excel]]></Field>
	<Field name="ProcessType" type="java.lang.String">null</Field>
</Object>
<Object class="com.sunopsis.dwg.dbobj.SnpPschemaCont">
		<Field name="FirstDate" type="java.sql.Timestamp"><![CDATA[2022-07-16 13:19:46.0]]></Field>
	<Field name="FirstUser" type="java.lang.String"><![CDATA[SUPERVISOR]]></Field>
	<Field name="GlobalId" type="java.lang.String"><![CDATA[d640bdc5-f1ba-4c6f-ab19-445f4df15834]]></Field>
	<Field name="IntVersion" type="com.sunopsis.sql.DbInt"><![CDATA[1]]></Field>
	<Field name="IContext" type="com.sunopsis.sql.DbInt"><![CDATA[4]]></Field>
	<Field name="ILschema" type="com.sunopsis.sql.DbInt"><![CDATA[64]]></Field>
	<Field name="IPschema" type="com.sunopsis.sql.DbInt"><![CDATA[64]]></Field>
	<Field name="LastDate" type="java.sql.Timestamp"><![CDATA[2022-07-16 13:19:46.0]]></Field>
	<Field name="LastUser" type="java.lang.String"><![CDATA[SUPERVISOR]]></Field>
</Object>
<Object class="com.sunopsis.dwg.dbobj.SnpReferencedObject">
		<Field name="IObject" type="com.sunopsis.sql.DbInt"><![CDATA[1700]]></Field>
	<Field name="ObjectPKasString" type="java.lang.String"><![CDATA[4]]></Field>
	<Field name="ObjectAKasString" type="java.lang.String"><![CDATA[GLOBAL]]></Field>
	<Field name="Description" type="java.lang.String"><![CDATA[SNP_CONTEXT : Global]]></Field>
 <Field name="GlobalId" type="java.lang.String"><![CDATA[af79390f-548b-3f6e-b5dc-b152c271c701]]></Field>
</Object>
<Object class="com.sunopsis.dwg.dbobj.SnpFKXRef">
		<Field name="RefKey" type="java.lang.String"><![CDATA[SNP_TECHNO.74]]></Field>
	<Field name="RefObjGlobalId" type="java.lang.String"><![CDATA[d2b57ca4-523a-3c5c-b758-3e46255113a8]]></Field>
 <Field name="RefObjFQName" type="java.lang.String"><![CDATA[Microsoft Excel]]></Field>
 <Field name="RefObjFQType" type="java.lang.String"><![CDATA[SNP_TECHNO]]></Field>
 <Field name="RefObjFQNameLengths" type="java.lang.String"><![CDATA[15]]></Field>
</Object>
<Object class="com.sunopsis.dwg.dbobj.SnpFKXRef">
		<Field name="RefKey" type="java.lang.String"><![CDATA[SNP_CONTEXT.4]]></Field>
	<Field name="RefObjGlobalId" type="java.lang.String"><![CDATA[af79390f-548b-3f6e-b5dc-b152c271c701]]></Field>
 <Field name="RefObjFQName" type="java.lang.String"><![CDATA[Global]]></Field>
 <Field name="RefObjFQType" type="java.lang.String"><![CDATA[SNP_CONTEXT]]></Field>
 <Field name="RefObjFQNameLengths" type="java.lang.String"><![CDATA[6]]></Field>
</Object>
<Object class="com.sunopsis.dwg.dbobj.SnpFKXRef">
		<Field name="RefKey" type="java.lang.String"><![CDATA[SNP_LSCHEMA.64]]></Field>
	<Field name="RefObjGlobalId" type="java.lang.String"><![CDATA[0eb7c259-a043-414e-b27c-3bd564647031]]></Field>
 <Field name="RefObjFQName" type="java.lang.String"><![CDATA[Microsoft Excel.l_excel]]></Field>
 <Field name="RefObjFQType" type="java.lang.String"><![CDATA[SNP_TECHNO.SNP_LSCHEMA]]></Field>
 <Field name="RefObjFQNameLengths" type="java.lang.String"><![CDATA[15.7]]></Field>
</Object>
<Object class="com.sunopsis.dwg.dbobj.SnpFKXRef">
		<Field name="RefKey" type="java.lang.String"><![CDATA[SNP_PSCHEMA.64]]></Field>
	<Field name="RefObjGlobalId" type="java.lang.String"><![CDATA[b46bfa7e-d64c-48d3-889b-255df12c0b32]]></Field>
 <Field name="RefObjFQName" type="java.lang.String"><![CDATA[Microsoft Excel.excel.excel_Default]]></Field>
 <Field name="RefObjFQType" type="java.lang.String"><![CDATA[SNP_TECHNO.SNP_CONNECT.SNP_PSCHEMA]]></Field>
 <Field name="RefObjFQNameLengths" type="java.lang.String"><![CDATA[15.5.13]]></Field>
</Object>
<Object class="com.sunopsis.dwg.DwgExportSummary">
		<Field name="ExpTxtNb" type="com.sunopsis.sql.DbInt"><![CDATA[0]]></Field>
	<Field name="InstObjNb" type="com.sunopsis.sql.DbInt"><![CDATA[0]]></Field>
	<Field name="JoinColNb" type="com.sunopsis.sql.DbInt"><![CDATA[0]]></Field>
	<Field name="JoinNb" type="com.sunopsis.sql.DbInt"><![CDATA[0]]></Field>
	<Field name="KeyColNb" type="com.sunopsis.sql.DbInt"><![CDATA[0]]></Field>
	<Field name="KeyNb" type="com.sunopsis.sql.DbInt"><![CDATA[0]]></Field>
	<Field name="LinkDiagNb" type="com.sunopsis.sql.DbInt"><![CDATA[0]]></Field>
	<Field name="MorigTxtNb" type="com.sunopsis.sql.DbInt"><![CDATA[0]]></Field>
	<Field name="MtxtNb" type="com.sunopsis.sql.DbInt"><![CDATA[0]]></Field>
	<Field name="OrigTxtNb" type="com.sunopsis.sql.DbInt"><![CDATA[0]]></Field>
	<Field name="OtherObjectsNb" type="com.sunopsis.sql.DbInt"><![CDATA[2]]></Field>
	<Field name="PlanAgentNb" type="com.sunopsis.sql.DbInt"><![CDATA[0]]></Field>
	<Field name="StepNb" type="com.sunopsis.sql.DbInt"><![CDATA[0]]></Field>
	<Field name="TxtNb" type="com.sunopsis.sql.DbInt"><![CDATA[0]]></Field>
	<Field name="UeOrigNb" type="com.sunopsis.sql.DbInt"><![CDATA[0]]></Field>
	<Field name="UeUsedNb" type="com.sunopsis.sql.DbInt"><![CDATA[0]]></Field>
	<Field name="VarPlanAgentNb" type="com.sunopsis.sql.DbInt"><![CDATA[0]]></Field>
	<Field name="ScenTxtNb" type="com.sunopsis.sql.DbInt"><![CDATA[0]]></Field>
	<Field name="OdiVersion" type="java.lang.String"><![CDATA[12.2.1]]></Field>
	<Field name="OriginRepositoryID" type="com.sunopsis.sql.DbInt"><![CDATA[0]]></Field>
	<Field name="RepositoryVersion" type="java.lang.String"><![CDATA[05.02.02.09]]></Field>
</Object>
</SunopsisExport>
