<?xml version="1.0" encoding="UTF-8"?>
<SunopsisExport>
<Admin RepositoryVersion="05.02.02.09" IsLegacyIdCompatible="false" />
<Encryption algorithm="AES" keyLength="128" exportKeyHash="T57g/AtNDuh71plNOsr5e6PRod1UdzeUuLXTJ5hwbXI=" keyVect="E0KSx81Z35eDiUp0rxjLsg==" exportKeySalt="6ddb2195-691d-47b7-a224-351a3c054ef2" containsCipherText="false"/>
<Object class="com.sunopsis.dwg.dbobj.SnpKmTemplate">
		<Field name="FirstDate" type="java.sql.Timestamp"><![CDATA[2021-08-27 16:25:16.0]]></Field>
	<Field name="FirstUser" type="java.lang.String"><![CDATA[SUNOPSIS_INSTALL]]></Field>
	<Field name="GlobalId" type="java.lang.String"><![CDATA[fa46f252-2d00-11e6-944e-00163e1ffd72]]></Field>
	<Field name="IndChange" type="java.lang.String"><![CDATA[I]]></Field>
	<Field name="IndIsSeeded" type="java.lang.String"><![CDATA[1]]></Field>
	<Field name="IndLangTrans" type="java.lang.String"><![CDATA[1]]></Field>
	<Field name="IndReplNl" type="java.lang.String"><![CDATA[1]]></Field>
	<Field name="IntVersion" type="com.sunopsis.sql.DbInt"><![CDATA[1]]></Field>
	<Field name="IKmTemplate" type="com.sunopsis.sql.DbInt"><![CDATA[214]]></Field>
	<Field name="LangName" type="java.lang.String"><![CDATA[GROOVY]]></Field>
	<Field name="LastDate" type="java.sql.Timestamp"><![CDATA[2021-08-27 16:25:16.0]]></Field>
	<Field name="LastUser" type="java.lang.String"><![CDATA[SUNOPSIS_INSTALL]]></Field>
	<Field name="Name" type="java.lang.String"><![CDATA[CreateTableHBase]]></Field>
	<Field name="TechnoName" type="java.lang.String"><![CDATA[GROOVY]]></Field>
	<Field name="TemplateText" type="java.lang.String"><![CDATA[
import java.io.IOException;
import org.apache.hadoop.conf.Configuration;
import org.apache.hadoop.hbase.client.Admin;
import org.apache.hadoop.hbase.client.Connection;
import org.apache.hadoop.hbase.client.ConnectionFactory;
import org.apache.hadoop.hbase.TableName;
import org.apache.hadoop.hbase.HBaseConfiguration;
import org.apache.hadoop.hbase.HColumnDescriptor;
import org.apache.hadoop.hbase.HTableDescriptor;
import org.apache.hadoop.hbase.client.HBaseAdmin;
import org.apache.hadoop.hbase.client.HTable;
import org.apache.hadoop.hbase.client.Put;
import org.apache.hadoop.hbase.util.Bytes;
import java.util.Vector;
import java.util.Enumeration;

String HBASE_CONFIGURATION_ZOOKEEPER_QUORUM = "hbase.zookeeper.quorum";
String quorum = "<?=odiRef.getFlexFieldValue( odiRef.getInfo("DEST_CONNECT_GUID"), "1400", "HBASE_QUORUM" )?>";
String tableName = "<%=odiRef.getTargetTable("RES_NAME")%>"
String[] targetColNames = '''<%=odiRef.getTargetColList("", "[COL_NAME]", ",", "","")%>'''.split(",");
Vector colFamNames = new Vector();
for (int i = 0; i < targetColNames.length; i++) {
  int colonPos = targetColNames[i].indexOf(":");
  if (colonPos != -1) {
    String famName = targetColNames[i].substring(0, colonPos);
    if (!colFamNames.contains(famName))
       colFamNames.addElement(famName);
  }
} 
Enumeration e = colFamNames.elements(); 

// Connect to HBase
Configuration hConf = HBaseConfiguration.create();
hConf.set(HBASE_CONFIGURATION_ZOOKEEPER_QUORUM, quorum);
props = odiRef.getDataServerProperties("DEST");
def log = ''
props.findAll { key, value -> key.startsWith("hbase.") }
     .each    { key, value -> hConf.set( key, value );
                              log+= """hConf: ${key} = ${value}\n""" }
odiRef.appendSummaryMessage( log ) 

// Create connection
connection = ConnectionFactory.createConnection(hConf);
hBase = connection.getAdmin();

if (!hBase.tableExists(TableName.valueOf(tableName))) {
    // Create table with column family
    HTableDescriptor hTableDesc = new HTableDescriptor( TableName.valueOf(tableName) );
    while (e.hasMoreElements()) 
       hTableDesc.addFamily( new HColumnDescriptor( (String)e.nextElement()));
    hBase.createTable(hTableDesc);
}
 ]]></Field>
	<Field name="TemplateVersion" type="java.lang.String">null</Field>
</Object>
<Object class="com.sunopsis.dwg.dbobj.SnpKmTemplateJoin">
		<Field name="GlobalId" type="java.lang.String"><![CDATA[8af549fa-ec77-4cdb-925a-564a68dd89ea]]></Field>
	<Field name="ISnpKmTemplate" type="com.sunopsis.sql.DbInt"><![CDATA[214]]></Field>
	<Field name="ISnpTrt" type="com.sunopsis.sql.DbInt"><![CDATA[61]]></Field>
</Object>
<Object class="com.sunopsis.dwg.dbobj.SnpFKXRef">
		<Field name="RefKey" type="java.lang.String"><![CDATA[SNP_TRT.61]]></Field>
	<Field name="RefObjGlobalId" type="java.lang.String"><![CDATA[FEAF67D094E92760E04311C1E40A3D29]]></Field>
 <Field name="RefObjFQName" type="java.lang.String"><![CDATA[LKM Hive to HBase Incremental Update HBASE-SERDE Direct]]></Field>
 <Field name="RefObjFQType" type="java.lang.String"><![CDATA[SNP_TRT]]></Field>
 <Field name="RefObjFQNameLengths" type="java.lang.String"><![CDATA[55]]></Field>
</Object>
<Object class="com.sunopsis.dwg.dbobj.SnpFKXRef">
		<Field name="RefKey" type="java.lang.String"><![CDATA[SNP_KMTEMPLATE.214]]></Field>
	<Field name="RefObjGlobalId" type="java.lang.String"><![CDATA[fa46f252-2d00-11e6-944e-00163e1ffd72]]></Field>
 <Field name="RefObjFQName" type="java.lang.String"><![CDATA[CreateTableHBase]]></Field>
 <Field name="RefObjFQType" type="java.lang.String"><![CDATA[SNP_KMTEMPLATE]]></Field>
 <Field name="RefObjFQNameLengths" type="java.lang.String"><![CDATA[16]]></Field>
</Object>
<Object class="com.sunopsis.dwg.DwgExportSummary">
		<Field name="ExpTxtNb" type="com.sunopsis.sql.DbInt"><![CDATA[0]]></Field>
	<Field name="InstObjNb" type="com.sunopsis.sql.DbInt"><![CDATA[0]]></Field>
	<Field name="JoinColNb" type="com.sunopsis.sql.DbInt"><![CDATA[0]]></Field>
	<Field name="JoinNb" type="com.sunopsis.sql.DbInt"><![CDATA[0]]></Field>
	<Field name="KeyColNb" type="com.sunopsis.sql.DbInt"><![CDATA[0]]></Field>
	<Field name="KeyNb" type="com.sunopsis.sql.DbInt"><![CDATA[0]]></Field>
	<Field name="LinkDiagNb" type="com.sunopsis.sql.DbInt"><![CDATA[0]]></Field>
	<Field name="MorigTxtNb" type="com.sunopsis.sql.DbInt"><![CDATA[0]]></Field>
	<Field name="MtxtNb" type="com.sunopsis.sql.DbInt"><![CDATA[0]]></Field>
	<Field name="OrigTxtNb" type="com.sunopsis.sql.DbInt"><![CDATA[0]]></Field>
	<Field name="OtherObjectsNb" type="com.sunopsis.sql.DbInt"><![CDATA[2]]></Field>
	<Field name="PlanAgentNb" type="com.sunopsis.sql.DbInt"><![CDATA[0]]></Field>
	<Field name="StepNb" type="com.sunopsis.sql.DbInt"><![CDATA[0]]></Field>
	<Field name="TxtNb" type="com.sunopsis.sql.DbInt"><![CDATA[0]]></Field>
	<Field name="UeOrigNb" type="com.sunopsis.sql.DbInt"><![CDATA[0]]></Field>
	<Field name="UeUsedNb" type="com.sunopsis.sql.DbInt"><![CDATA[0]]></Field>
	<Field name="VarPlanAgentNb" type="com.sunopsis.sql.DbInt"><![CDATA[0]]></Field>
	<Field name="ScenTxtNb" type="com.sunopsis.sql.DbInt"><![CDATA[0]]></Field>
	<Field name="OdiVersion" type="java.lang.String"><![CDATA[12.2.1]]></Field>
	<Field name="OriginRepositoryID" type="com.sunopsis.sql.DbInt"><![CDATA[11]]></Field>
	<Field name="RepositoryVersion" type="java.lang.String"><![CDATA[05.02.02.09]]></Field>
</Object>
</SunopsisExport>
