<?xml version="1.0" encoding="UTF-8"?>
<SunopsisExport>
<Admin RepositoryVersion="05.02.02.09" IsLegacyIdCompatible="false" />
<Encryption algorithm="AES" keyLength="128" exportKeyHash="FgQ2bXDMiDqaj7KBztn0dN4nJMfvjx8bxpmMyd/fIfY=" keyVect="Y5GThyZxctMhQbjuOGyVuQ==" exportKeySalt="808d3d33-19ac-48fd-9a52-9b9f5629969b" containsCipherText="false"/>
<Object class="com.sunopsis.dwg.dbobj.SnpPschema">
		<Field name="AdditionalOption" type="java.lang.String">null</Field>
	<Field name="BicsTargetType" type="java.lang.String">null</Field>
	<Field name="CatalogName" type="java.lang.String">null</Field>
	<Field name="ColPrfTab" type="java.lang.String"><![CDATA[C$_]]></Field>
	<Field name="CountFreqUnit" type="java.lang.String">null</Field>
	<Field name="DblogRdBuffsz" type="com.sunopsis.sql.DbInt"><![CDATA[null]]></Field>
	<Field name="DefConPschema" type="java.lang.String"><![CDATA[1]]></Field>
	<Field name="DefFilePath" type="java.lang.String">null</Field>
	<Field name="DiscardFilePath" type="java.lang.String">null</Field>
	<Field name="ErrPrfTab" type="java.lang.String"><![CDATA[E$_]]></Field>
	<Field name="ExtName" type="java.lang.String"><![CDATA[ODI_TARGET2.ODI_TARGET]]></Field>
	<Field name="ExtVersion" type="java.lang.String">null</Field>
	<Field name="FirstDate" type="java.sql.Timestamp"><![CDATA[2021-08-27 16:43:48.0]]></Field>
	<Field name="FirstUser" type="java.lang.String"><![CDATA[SUPERVISOR]]></Field>
	<Field name="GlobalId" type="java.lang.String"><![CDATA[7b74cae6-d4c7-4b13-b197-46aa196092bd]]></Field>
	<Field name="IdxPrfTab" type="java.lang.String"><![CDATA[IX$_]]></Field>
	<Field name="IndChange" type="java.lang.String"><![CDATA[U]]></Field>
	<Field name="IntPrfTab" type="java.lang.String"><![CDATA[I$_]]></Field>
	<Field name="IntVersion" type="com.sunopsis.sql.DbInt"><![CDATA[3]]></Field>
	<Field name="IConnect" type="com.sunopsis.sql.DbInt"><![CDATA[69]]></Field>
	<Field name="IPschema" type="com.sunopsis.sql.DbInt"><![CDATA[34]]></Field>
	<Field name="ITargetPschema" type="com.sunopsis.sql.DbInt"><![CDATA[null]]></Field>
	<Field name="JrnPrfTab" type="java.lang.String"><![CDATA[J$]]></Field>
	<Field name="JrnPrfTrg" type="java.lang.String"><![CDATA[T$]]></Field>
	<Field name="JrnPrfVie" type="java.lang.String"><![CDATA[JV$]]></Field>
	<Field name="LastDate" type="java.sql.Timestamp"><![CDATA[2021-08-27 16:43:50.0]]></Field>
	<Field name="LastUser" type="java.lang.String"><![CDATA[SUPERVISOR]]></Field>
	<Field name="LocObjPattern" type="java.lang.String"><![CDATA[%SCHEMA.%OBJECT]]></Field>
	<Field name="LocSeqCurrPattern" type="java.lang.String"><![CDATA[%SCHEMA.%OBJECT.currval]]></Field>
	<Field name="LocSeqPattern" type="java.lang.String"><![CDATA[%SCHEMA.%OBJECT.nextval]]></Field>
	<Field name="LtrailFilePath" type="java.lang.String">null</Field>
	<Field name="PartPattern" type="java.lang.String"><![CDATA[%SCHEMA.%OBJECT PARTITION(%PARTITION)]]></Field>
	<Field name="Passthru" type="java.lang.String">null</Field>
	<Field name="ProcessType" type="java.lang.String">null</Field>
	<Field name="PschemaType" type="java.lang.String"><![CDATA[ODI.PS]]></Field>
	<Field name="RemObjPattern" type="java.lang.String"><![CDATA[%SCHEMA.%OBJECT@%DSERVER]]></Field>
	<Field name="RemSeqCurrPattern" type="java.lang.String"><![CDATA[%SCHEMA.%OBJECT.currval@%DSERVER]]></Field>
	<Field name="RemSeqPattern" type="java.lang.String"><![CDATA[%SCHEMA.%OBJECT.nextval@%DSERVER]]></Field>
	<Field name="ReportCountFreq" type="com.sunopsis.sql.DbInt"><![CDATA[null]]></Field>
	<Field name="ReportDetail" type="java.lang.String">null</Field>
	<Field name="ReportFetch" type="java.lang.String">null</Field>
	<Field name="RmttrailFilePath" type="java.lang.String">null</Field>
	<Field name="SchemaName" type="java.lang.String"><![CDATA[ODI_TARGET]]></Field>
	<Field name="SubPartPattern" type="java.lang.String"><![CDATA[%SCHEMA.%OBJECT SUBPARTITION(%PARTITION)]]></Field>
	<Field name="TargetDups" type="java.lang.String">null</Field>
	<Field name="TrailFileSize" type="com.sunopsis.sql.DbInt"><![CDATA[null]]></Field>
	<Field name="UnqCharSpec" type="java.lang.String"><![CDATA[BASE38]]></Field>
	<Field name="WcatalogName" type="java.lang.String">null</Field>
	<Field name="WschemaName" type="java.lang.String"><![CDATA[ODI_TARGET]]></Field>
	<Field name="WsdlBinding" type="java.lang.String">null</Field>
	<Field name="WsdlPortAddress" type="java.lang.String">null</Field>
	<Field name="WsdlPortName" type="java.lang.String">null</Field>
	<Field name="WsdlService" type="java.lang.String">null</Field>
	<Field name="WsOverridePortAddress" type="java.lang.String">null</Field>
	<Field name="WsPass" type="java.lang.String">null</Field>
	<Field name="WsUser" type="java.lang.String">null</Field>
</Object>
<Object class="com.sunopsis.dwg.dbobj.SnpFKXRef">
		<Field name="RefKey" type="java.lang.String"><![CDATA[SNP_CONNECT.69]]></Field>
	<Field name="RefObjGlobalId" type="java.lang.String"><![CDATA[1e983ca8-fe14-4abc-8a13-e87be3c61b22]]></Field>
 <Field name="RefObjFQName" type="java.lang.String"><![CDATA[Oracle.ODI_TARGET2]]></Field>
 <Field name="RefObjFQType" type="java.lang.String"><![CDATA[SNP_TECHNO.SNP_CONNECT]]></Field>
 <Field name="RefObjFQNameLengths" type="java.lang.String"><![CDATA[6.11]]></Field>
</Object>
<Object class="com.sunopsis.dwg.DwgExportSummary">
		<Field name="ExpTxtNb" type="com.sunopsis.sql.DbInt"><![CDATA[0]]></Field>
	<Field name="InstObjNb" type="com.sunopsis.sql.DbInt"><![CDATA[0]]></Field>
	<Field name="JoinColNb" type="com.sunopsis.sql.DbInt"><![CDATA[0]]></Field>
	<Field name="JoinNb" type="com.sunopsis.sql.DbInt"><![CDATA[0]]></Field>
	<Field name="KeyColNb" type="com.sunopsis.sql.DbInt"><![CDATA[0]]></Field>
	<Field name="KeyNb" type="com.sunopsis.sql.DbInt"><![CDATA[0]]></Field>
	<Field name="LinkDiagNb" type="com.sunopsis.sql.DbInt"><![CDATA[0]]></Field>
	<Field name="MorigTxtNb" type="com.sunopsis.sql.DbInt"><![CDATA[0]]></Field>
	<Field name="MtxtNb" type="com.sunopsis.sql.DbInt"><![CDATA[0]]></Field>
	<Field name="OrigTxtNb" type="com.sunopsis.sql.DbInt"><![CDATA[0]]></Field>
	<Field name="OtherObjectsNb" type="com.sunopsis.sql.DbInt"><![CDATA[1]]></Field>
	<Field name="PlanAgentNb" type="com.sunopsis.sql.DbInt"><![CDATA[0]]></Field>
	<Field name="StepNb" type="com.sunopsis.sql.DbInt"><![CDATA[0]]></Field>
	<Field name="TxtNb" type="com.sunopsis.sql.DbInt"><![CDATA[0]]></Field>
	<Field name="UeOrigNb" type="com.sunopsis.sql.DbInt"><![CDATA[0]]></Field>
	<Field name="UeUsedNb" type="com.sunopsis.sql.DbInt"><![CDATA[0]]></Field>
	<Field name="VarPlanAgentNb" type="com.sunopsis.sql.DbInt"><![CDATA[0]]></Field>
	<Field name="ScenTxtNb" type="com.sunopsis.sql.DbInt"><![CDATA[0]]></Field>
	<Field name="OdiVersion" type="java.lang.String"><![CDATA[12.2.1]]></Field>
	<Field name="OriginRepositoryID" type="com.sunopsis.sql.DbInt"><![CDATA[0]]></Field>
	<Field name="RepositoryVersion" type="java.lang.String"><![CDATA[05.02.02.09]]></Field>
</Object>
</SunopsisExport>
