<?xml version="1.0" encoding="UTF-8"?>
<OdiDeploymentArchive>
   <Name>EXEC_odi</Name>
   <DeploymentArchiveType>INITIAL</DeploymentArchiveType>
   <SourceType>ODI</SourceType>
   <SourceInfo>Master:{dburl=jdbc:oracle:thin:@localhost:1521/orcl3; dbuser=DEV_ODI_REPO}; Work:{name=WORKREP2}</SourceInfo>
   <GlobalId>a489b95f-0bfe-4d39-8893-ed884d2412ac</GlobalId>
   <CreatedDate>2023-09-18T11:55:03.92+05:30</CreatedDate>
   <CreatedBy>SUPERVISOR</CreatedBy>
   <ObjectsToUpdate>
      <Object class="oracle.odi.domain.topology.OdiDataServer" globalId="29c584fb-c0e7-4912-9158-181f69824d1f" name="NSE option chain" path="\Master Repository\Technologies\RESTful_Service\Physical Architecture\NSE_option_chain\CONN_NSE_option_chain.xml" lastupdatedtime="1657949423000" sourcerepositoryid="ca5c634a-1755-4c30-8b37-5b4b14a52e2f" objectrepositorytype="MASTER"/>
      <Object class="oracle.odi.domain.topology.OdiDataServer" globalId="c9f9172c-b283-4a25-91f4-bdd9186c0b32" name="NSE_FILE_OPTION_CHAIN" path="\Master Repository\Technologies\File\Physical Architecture\NSE_FILE_OPTION_CHAIN\CONN_NSE_FILE_OPTION_CHAIN.xml" lastupdatedtime="1657952821000" sourcerepositoryid="ca5c634a-1755-4c30-8b37-5b4b14a52e2f" objectrepositorytype="MASTER"/>
      <Object class="oracle.odi.domain.topology.OdiDataServer" globalId="95083619-2054-4496-bada-8da1bb4b2757" name="Employee" path="\Master Repository\Technologies\RESTful_Service\Physical Architecture\Employee\CONN_Employee.xml" lastupdatedtime="1629270673000" sourcerepositoryid="ca5c634a-1755-4c30-8b37-5b4b14a52e2f" objectrepositorytype="MASTER"/>
      <Object class="oracle.odi.domain.topology.OdiDataServer" globalId="d4842deb-a73d-4beb-a7ab-f45f9d00ab22" name="SOAP" path="\Master Repository\Technologies\SOAP_Web_Service\Physical Architecture\SOAP\CONN_SOAP.xml" lastupdatedtime="1629268481000" sourcerepositoryid="ca5c634a-1755-4c30-8b37-5b4b14a52e2f" objectrepositorytype="MASTER"/>
      <Object class="oracle.odi.domain.topology.OdiDataServer" globalId="a32de728-c623-4906-9762-13020260024b" name="AA" path="\Master Repository\Technologies\Salesforce_com\Physical Architecture\AA\CONN_AA.xml" lastupdatedtime="1629268647000" sourcerepositoryid="ca5c634a-1755-4c30-8b37-5b4b14a52e2f" objectrepositorytype="MASTER"/>
      <Object class="oracle.odi.domain.topology.OdiDataServer" globalId="5a3ecb1b-006b-4c31-a9c5-5902af11275b" name="ODI_SOURCE_2" path="\Master Repository\Technologies\Oracle\Physical Architecture\ODI_SOURCE_2\CONN_ODI_SOURCE_2.xml" lastupdatedtime="1630062716000" sourcerepositoryid="ca5c634a-1755-4c30-8b37-5b4b14a52e2f" objectrepositorytype="MASTER"/>
      <Object class="oracle.odi.domain.topology.OdiDataServer" globalId="1e983ca8-fe14-4abc-8a13-e87be3c61b22" name="ODI_TARGET2" path="\Master Repository\Technologies\Oracle\Physical Architecture\ODI_TARGET2\CONN_ODI_TARGET2.xml" lastupdatedtime="1630062812000" sourcerepositoryid="ca5c634a-1755-4c30-8b37-5b4b14a52e2f" objectrepositorytype="MASTER"/>
      <Object class="oracle.odi.domain.topology.OdiDataServer" globalId="7cf66dba-3493-3ab1-81cc-6c13ebe03a8d" name="FILE_GENERIC" path="\Master Repository\Technologies\File\Physical Architecture\FILE_GENERIC\CONN_FILE_GENERIC.xml" lastupdatedtime="1617542102000" sourcerepositoryid="ca5c634a-1755-4c30-8b37-5b4b14a52e2f" objectrepositorytype="MASTER"/>
      <Object class="oracle.odi.domain.topology.OdiDataServer" globalId="7289f03e-0ca6-3787-9268-c74d5e8aaea5" name="MEMORY_ENGINE" path="\Master Repository\Technologies\In_Memory_Engine\Physical Architecture\MEMORY_ENGINE\CONN_MEMORY_ENGINE.xml" lastupdatedtime="1617542103000" sourcerepositoryid="ca5c634a-1755-4c30-8b37-5b4b14a52e2f" objectrepositorytype="MASTER"/>
      <Object class="oracle.odi.domain.topology.OdiDataServer" globalId="18897a5c-bda1-3399-9472-b54c6824e6ad" name="SUNOPSIS_MEMORY_ENGINE" path="\Master Repository\Technologies\In_Memory_Engine\Physical Architecture\SUNOPSIS_MEMORY_ENGINE\CONN_SUNOPSIS_MEMORY_ENGINE.xml" lastupdatedtime="1617542103000" sourcerepositoryid="ca5c634a-1755-4c30-8b37-5b4b14a52e2f" objectrepositorytype="MASTER"/>
      <Object class="oracle.odi.domain.topology.OdiDataServer" globalId="29938ecc-002b-42ad-8220-3dc47675e1b0" name="ds_1" path="\Master Repository\Technologies\File\Physical Architecture\ds_1\CONN_ds_1.xml" lastupdatedtime="1620943527000" sourcerepositoryid="ca5c634a-1755-4c30-8b37-5b4b14a52e2f" objectrepositorytype="MASTER"/>
      <Object class="oracle.odi.domain.topology.OdiDataServer" globalId="d9c2e553-645a-41cc-b485-5f26dd86d764" name="XML" path="\Master Repository\Technologies\XML\Physical Architecture\XML\CONN_XML.xml" lastupdatedtime="1670152756000" sourcerepositoryid="ca5c634a-1755-4c30-8b37-5b4b14a52e2f" objectrepositorytype="MASTER"/>
      <Object class="oracle.odi.domain.topology.OdiDataServer" globalId="97aa3eb1-6026-43b0-9b85-012049ae4b1a" name="excel" path="\Master Repository\Technologies\Microsoft_Excel\Physical Architecture\excel\CONN_excel.xml" lastupdatedtime="1657957953000" sourcerepositoryid="ca5c634a-1755-4c30-8b37-5b4b14a52e2f" objectrepositorytype="MASTER"/>
      <Object class="oracle.odi.domain.topology.OdiDataServer" globalId="3abe3247-452e-4aaa-82f7-ad54a3bb71a9" name="ODI_SOURCE" path="\Master Repository\Technologies\Oracle\Physical Architecture\ODI_SOURCE\CONN_ODI_SOURCE.xml" lastupdatedtime="1620461174000" sourcerepositoryid="ca5c634a-1755-4c30-8b37-5b4b14a52e2f" objectrepositorytype="MASTER"/>
      <Object class="oracle.odi.domain.topology.OdiDataServer" globalId="29b3c312-6eb3-45bc-afd7-a562b17c8860" name="ODI_TARGET" path="\Master Repository\Technologies\Oracle\Physical Architecture\ODI_TARGET\CONN_ODI_TARGET.xml" lastupdatedtime="1620461233000" sourcerepositoryid="ca5c634a-1755-4c30-8b37-5b4b14a52e2f" objectrepositorytype="MASTER"/>
      <Object class="oracle.odi.domain.topology.OdiDataServer" globalId="88fb8df5-884b-4923-abb1-c3c2bf5882b8" name="JSON_LOAD" path="\Master Repository\Technologies\Complex_File\Physical Architecture\JSON_LOAD\CONN_JSON_LOAD.xml" lastupdatedtime="1670152177000" sourcerepositoryid="ca5c634a-1755-4c30-8b37-5b4b14a52e2f" objectrepositorytype="MASTER"/>
      <Object class="oracle.odi.domain.topology.OdiDataServer" globalId="c2658909-bde1-4617-bc3e-b35a6f913319" name="source" path="\Master Repository\Technologies\Oracle\Physical Architecture\source\CONN_source.xml" lastupdatedtime="1629703033000" sourcerepositoryid="ca5c634a-1755-4c30-8b37-5b4b14a52e2f" objectrepositorytype="MASTER"/>
      <Object class="oracle.odi.domain.topology.OdiPhysicalAgent" globalId="07c9c173-60f1-4598-9194-6e61a0c80dc2" name="odiAgent" path="\Master Repository\Physical Architecture\Agents\AGENT_odiAgent.xml" lastupdatedtime="1685174362000" sourcerepositoryid="ca5c634a-1755-4c30-8b37-5b4b14a52e2f" objectrepositorytype="MASTER"/>
      <Object class="oracle.odi.domain.topology.OdiPhysicalAgent" globalId="f497b50d-2186-4d4b-b7ec-842b91218e9a" name="oracleDIAgent1" path="\Master Repository\Physical Architecture\Agents\AGENT_oracleDIAgent1.xml" lastupdatedtime="1617598480000" sourcerepositoryid="ca5c634a-1755-4c30-8b37-5b4b14a52e2f" objectrepositorytype="MASTER"/>
      <Object class="oracle.odi.domain.topology.OdiPhysicalAgent" globalId="b7f790f2-6b8a-47c3-8659-756cd649f723" name="oracleDIAgent" path="\Master Repository\Physical Architecture\Agents\AGENT_oracleDIAgent.xml" lastupdatedtime="1617598485000" sourcerepositoryid="ca5c634a-1755-4c30-8b37-5b4b14a52e2f" objectrepositorytype="MASTER"/>
      <Object class="oracle.odi.domain.topology.OdiContext" globalId="86035eee-243b-405c-96da-f2e5e4826454" name="Development" path="\Master Repository\Contexts\CONT_Development.xml" lastupdatedtime="1617542103000" sourcerepositoryid="ca5c634a-1755-4c30-8b37-5b4b14a52e2f" objectrepositorytype="MASTER"/>
      <Object class="oracle.odi.domain.topology.OdiContext" globalId="af79390f-548b-3f6e-b5dc-b152c271c701" name="Global" path="\Master Repository\Contexts\CONT_Global.xml" lastupdatedtime="1617542103000" sourcerepositoryid="ca5c634a-1755-4c30-8b37-5b4b14a52e2f" objectrepositorytype="MASTER"/>
      <Object class="oracle.odi.domain.topology.OdiContext" globalId="2a053068-404a-469e-8528-41667bd41c6b" name="Production" path="\Master Repository\Contexts\CONT_Production.xml" lastupdatedtime="1617542104000" sourcerepositoryid="ca5c634a-1755-4c30-8b37-5b4b14a52e2f" objectrepositorytype="MASTER"/>
      <Object class="oracle.odi.domain.topology.OdiContext" globalId="be5c962e-2a73-4cdf-b93b-7c41d3f6c7b5" name="Test" path="\Master Repository\Contexts\CONT_Test.xml" lastupdatedtime="1617542104000" sourcerepositoryid="ca5c634a-1755-4c30-8b37-5b4b14a52e2f" objectrepositorytype="MASTER"/>
      <Object class="oracle.odi.domain.topology.OdiLogicalSchema" globalId="ee740fb1-0dba-4e16-bee8-b855bb51c611" name="L_NSE_FILE_OPTION_CHAIN" path="\Master Repository\Technologies\File\Logical Architecture\LSC_L_NSE_FILE_OPTION_CHAIN.xml" lastupdatedtime="1657950810000" sourcerepositoryid="ca5c634a-1755-4c30-8b37-5b4b14a52e2f" objectrepositorytype="MASTER"/>
      <Object class="oracle.odi.domain.topology.OdiLogicalSchema" globalId="f7896ca3-c649-4721-84b4-844a9eed2445" name="Rest_Employee" path="\Master Repository\Technologies\RESTful_Service\Logical Architecture\LSC_Rest_Employee.xml" lastupdatedtime="1629208111000" sourcerepositoryid="ca5c634a-1755-4c30-8b37-5b4b14a52e2f" objectrepositorytype="MASTER"/>
      <Object class="oracle.odi.domain.topology.OdiLogicalSchema" globalId="ff4266f8-2c02-4c37-97d1-d434f6882d16" name="ODI_SOURCE2" path="\Master Repository\Technologies\Oracle\Logical Architecture\LSC_ODI_SOURCE2.xml" lastupdatedtime="1630062856000" sourcerepositoryid="ca5c634a-1755-4c30-8b37-5b4b14a52e2f" objectrepositorytype="MASTER"/>
      <Object class="oracle.odi.domain.topology.OdiLogicalSchema" globalId="fa57020f-bb6b-4fd5-a597-615654b904d2" name="ODI_TARGET2" path="\Master Repository\Technologies\Oracle\Logical Architecture\LSC_ODI_TARGET2.xml" lastupdatedtime="1630062866000" sourcerepositoryid="ca5c634a-1755-4c30-8b37-5b4b14a52e2f" objectrepositorytype="MASTER"/>
      <Object class="oracle.odi.domain.topology.OdiLogicalSchema" globalId="85e2554e-2771-3636-9209-5536d662c433" name="File Server for SAP ABAP" path="\Master Repository\Technologies\File\Logical Architecture\LSC_File_Server_for_SAP_ABAP.xml" lastupdatedtime="1617542074000" sourcerepositoryid="ca5c634a-1755-4c30-8b37-5b4b14a52e2f" objectrepositorytype="MASTER"/>
      <Object class="oracle.odi.domain.topology.OdiLogicalSchema" globalId="90a83890-2d1c-358b-99d7-425951dc425d" name=" SUNOPSIS_MEMORY_ENGINE" path="\Master Repository\Technologies\In_Memory_Engine\Logical Architecture\LSC__SUNOPSIS_MEMORY_ENGINE.xml" lastupdatedtime="1617542077000" sourcerepositoryid="ca5c634a-1755-4c30-8b37-5b4b14a52e2f" objectrepositorytype="MASTER"/>
      <Object class="oracle.odi.domain.topology.OdiLogicalSchema" globalId="67889c61-987f-3566-afcc-9c55d7bd85ae" name=" MEMORY_ENGINE" path="\Master Repository\Technologies\In_Memory_Engine\Logical Architecture\LSC__MEMORY_ENGINE.xml" lastupdatedtime="1617542077000" sourcerepositoryid="ca5c634a-1755-4c30-8b37-5b4b14a52e2f" objectrepositorytype="MASTER"/>
      <Object class="oracle.odi.domain.topology.OdiLogicalSchema" globalId="53f325f5-cc19-41af-b958-a16f3486bba6" name="ds1" path="\Master Repository\Technologies\File\Logical Architecture\LSC_ds1.xml" lastupdatedtime="1620943594000" sourcerepositoryid="ca5c634a-1755-4c30-8b37-5b4b14a52e2f" objectrepositorytype="MASTER"/>
      <Object class="oracle.odi.domain.topology.OdiLogicalSchema" globalId="d482a9be-b347-4eb0-aea3-a3027235c38e" name="L_CMI_XML" path="\Master Repository\Technologies\XML\Logical Architecture\LSC_L_CMI_XML.xml" lastupdatedtime="1670152868000" sourcerepositoryid="ca5c634a-1755-4c30-8b37-5b4b14a52e2f" objectrepositorytype="MASTER"/>
      <Object class="oracle.odi.domain.topology.OdiLogicalSchema" globalId="0eb7c259-a043-414e-b27c-3bd564647031" name="l_excel" path="\Master Repository\Technologies\Microsoft_Excel\Logical Architecture\LSC_l_excel.xml" lastupdatedtime="1657957763000" sourcerepositoryid="ca5c634a-1755-4c30-8b37-5b4b14a52e2f" objectrepositorytype="MASTER"/>
      <Object class="oracle.odi.domain.topology.OdiLogicalSchema" globalId="5d273072-251d-4ea6-aa92-59416cc30626" name="ODI_SOURCE" path="\Master Repository\Technologies\Oracle\Logical Architecture\LSC_ODI_SOURCE.xml" lastupdatedtime="1620461297000" sourcerepositoryid="ca5c634a-1755-4c30-8b37-5b4b14a52e2f" objectrepositorytype="MASTER"/>
      <Object class="oracle.odi.domain.topology.OdiLogicalSchema" globalId="ad8a4ca4-a655-4ae0-98d3-dc76b550ac0a" name="ODI_TARGET" path="\Master Repository\Technologies\Oracle\Logical Architecture\LSC_ODI_TARGET.xml" lastupdatedtime="1620461308000" sourcerepositoryid="ca5c634a-1755-4c30-8b37-5b4b14a52e2f" objectrepositorytype="MASTER"/>
      <Object class="oracle.odi.domain.topology.OdiLogicalSchema" globalId="bfbc1429-dc2e-4ef0-9c93-3c3fd0d00a26" name="JSON_LOAD" path="\Master Repository\Technologies\Complex_File\Logical Architecture\LSC_JSON_LOAD.xml" lastupdatedtime="1620466800000" sourcerepositoryid="ca5c634a-1755-4c30-8b37-5b4b14a52e2f" objectrepositorytype="MASTER"/>
      <Object class="oracle.odi.domain.topology.OdiLogicalSchema" globalId="27bf7ec3-1c9e-4a23-b5e3-d7b3b403cd41" name="SOURCE" path="\Master Repository\Technologies\Oracle\Logical Architecture\LSC_SOURCE.xml" lastupdatedtime="1629703250000" sourcerepositoryid="ca5c634a-1755-4c30-8b37-5b4b14a52e2f" objectrepositorytype="MASTER"/>
      <Object class="oracle.odi.domain.topology.OdiLogicalSchema" globalId="0472047a-080f-4c09-9713-2f4c6de0f017" name="TARGET" path="\Master Repository\Technologies\Oracle\Logical Architecture\LSC_TARGET.xml" lastupdatedtime="1629703263000" sourcerepositoryid="ca5c634a-1755-4c30-8b37-5b4b14a52e2f" objectrepositorytype="MASTER"/>
      <Object class="oracle.odi.domain.topology.OdiPhysicalSchema" globalId="b5550e8f-6ff1-4eff-9b6c-2de5622627b1" name="NSE option chain./option-chain" path="\Master Repository\Technologies\RESTful_Service\Physical Architecture\NSE_option_chain\PSC_NSE_option_chain_option_chain.xml" lastupdatedtime="1657949434000" sourcerepositoryid="ca5c634a-1755-4c30-8b37-5b4b14a52e2f" objectrepositorytype="MASTER"/>
      <Object class="oracle.odi.domain.topology.OdiPhysicalSchema" globalId="32689c3d-cb7d-4e24-8cbd-e73cdf61f498" name="NSE_FILE_OPTION_CHAIN.R:\nse_project" path="\Master Repository\Technologies\File\Physical Architecture\NSE_FILE_OPTION_CHAIN\PSC_NSE_FILE_OPTION_CHAIN_R__se_project.xml" lastupdatedtime="1657953234000" sourcerepositoryid="ca5c634a-1755-4c30-8b37-5b4b14a52e2f" objectrepositorytype="MASTER"/>
      <Object class="oracle.odi.domain.topology.OdiPhysicalSchema" globalId="f6945e6a-32e8-447c-8a4d-071837d8c3f2" name="Employee./finance" path="\Master Repository\Technologies\RESTful_Service\Physical Architecture\Employee\PSC_Employee_finance.xml" lastupdatedtime="1629270587000" sourcerepositoryid="ca5c634a-1755-4c30-8b37-5b4b14a52e2f" objectrepositorytype="MASTER"/>
      <Object class="oracle.odi.domain.topology.OdiPhysicalSchema" globalId="91c915c7-566a-4e43-bf8d-d11f3608be3c" name="ODI_SOURCE_2.ODI_SOURCE" path="\Master Repository\Technologies\Oracle\Physical Architecture\ODI_SOURCE_2\PSC_ODI_SOURCE_2_ODI_SOURCE.xml" lastupdatedtime="1630062734000" sourcerepositoryid="ca5c634a-1755-4c30-8b37-5b4b14a52e2f" objectrepositorytype="MASTER"/>
      <Object class="oracle.odi.domain.topology.OdiPhysicalSchema" globalId="7b74cae6-d4c7-4b13-b197-46aa196092bd" name="ODI_TARGET2.ODI_TARGET" path="\Master Repository\Technologies\Oracle\Physical Architecture\ODI_TARGET2\PSC_ODI_TARGET2_ODI_TARGET.xml" lastupdatedtime="1630062830000" sourcerepositoryid="ca5c634a-1755-4c30-8b37-5b4b14a52e2f" objectrepositorytype="MASTER"/>
      <Object class="oracle.odi.domain.topology.OdiPhysicalSchema" globalId="61149740-0c29-32c0-92e5-fdb5696142c8" name="MEMORY_ENGINE_Default" path="\Master Repository\Technologies\In_Memory_Engine\Physical Architecture\MEMORY_ENGINE\PSC_MEMORY_ENGINE_Default.xml" lastupdatedtime="1617542103000" sourcerepositoryid="ca5c634a-1755-4c30-8b37-5b4b14a52e2f" objectrepositorytype="MASTER"/>
      <Object class="oracle.odi.domain.topology.OdiPhysicalSchema" globalId="1c6765c1-b25c-3a70-afbb-e9d05fc3f3a5" name="SUNOPSIS_MEMORY_ENGINE_Default" path="\Master Repository\Technologies\In_Memory_Engine\Physical Architecture\SUNOPSIS_MEMORY_ENGINE\PSC_SUNOPSIS_MEMORY_ENGINE_Default.xml" lastupdatedtime="1617542103000" sourcerepositoryid="ca5c634a-1755-4c30-8b37-5b4b14a52e2f" objectrepositorytype="MASTER"/>
      <Object class="oracle.odi.domain.topology.OdiPhysicalSchema" globalId="f61d96ae-0083-4485-9b4f-c18331d1cbc6" name="ds_1.R:\" path="\Master Repository\Technologies\File\Physical Architecture\ds_1\PSC_ds_1_R_.xml" lastupdatedtime="1620943580000" sourcerepositoryid="ca5c634a-1755-4c30-8b37-5b4b14a52e2f" objectrepositorytype="MASTER"/>
      <Object class="oracle.odi.domain.topology.OdiPhysicalSchema" globalId="24823422-c91e-4252-924a-6648c5d8f116" name="XML.SAMPL" path="\Master Repository\Technologies\XML\Physical Architecture\XML\PSC_XML_SAMPL.xml" lastupdatedtime="1670152868000" sourcerepositoryid="ca5c634a-1755-4c30-8b37-5b4b14a52e2f" objectrepositorytype="MASTER"/>
      <Object class="oracle.odi.domain.topology.OdiPhysicalSchema" globalId="b46bfa7e-d64c-48d3-889b-255df12c0b32" name="excel_Default" path="\Master Repository\Technologies\Microsoft_Excel\Physical Architecture\excel\PSC_excel_Default.xml" lastupdatedtime="1657957786000" sourcerepositoryid="ca5c634a-1755-4c30-8b37-5b4b14a52e2f" objectrepositorytype="MASTER"/>
      <Object class="oracle.odi.domain.topology.OdiPhysicalSchema" globalId="d1bcef91-b1b8-4582-b52e-9f03f5554cc3" name="ODI_SOURCE.ODI_SOURCE" path="\Master Repository\Technologies\Oracle\Physical Architecture\ODI_SOURCE\PSC_ODI_SOURCE_ODI_SOURCE.xml" lastupdatedtime="1620461202000" sourcerepositoryid="ca5c634a-1755-4c30-8b37-5b4b14a52e2f" objectrepositorytype="MASTER"/>
      <Object class="oracle.odi.domain.topology.OdiPhysicalSchema" globalId="8b2c4e11-31d5-40a3-920c-65f058f4e51a" name="ODI_SOURCE.ODI_SOURCE" path="\Master Repository\Technologies\Oracle\Physical Architecture\ODI_TARGET\PSC_ODI_SOURCE_ODI_SOURCE.xml" lastupdatedtime="1620461215000" sourcerepositoryid="ca5c634a-1755-4c30-8b37-5b4b14a52e2f" objectrepositorytype="MASTER"/>
      <Object class="oracle.odi.domain.topology.OdiPhysicalSchema" globalId="3f9b9a7a-84bc-488c-9bcb-968185124d37" name="ODI_TARGET.ODI_TARGET" path="\Master Repository\Technologies\Oracle\Physical Architecture\ODI_TARGET\PSC_ODI_TARGET_ODI_TARGET.xml" lastupdatedtime="1620461251000" sourcerepositoryid="ca5c634a-1755-4c30-8b37-5b4b14a52e2f" objectrepositorytype="MASTER"/>
      <Object class="oracle.odi.domain.topology.OdiPhysicalSchema" globalId="8e12dfb7-9d72-450f-a238-5045d094ec32" name="JSON_LOAD.XSDSCHEMA" path="\Master Repository\Technologies\Complex_File\Physical Architecture\JSON_LOAD\PSC_JSON_LOAD_XSDSCHEMA.xml" lastupdatedtime="1620466768000" sourcerepositoryid="ca5c634a-1755-4c30-8b37-5b4b14a52e2f" objectrepositorytype="MASTER"/>
      <Object class="oracle.odi.domain.runtime.scenario.OdiScenario" globalId="ae4cce79-d9d1-42f5-87f7-e79a5f821de6" name="SYN_FROM_JSON Version 001" path="\Work Repository\Projects\DEMO\First_Folder\Procedures\Scenarios\SCEN_SYN_FROM_JSON_Version_001.xml" lastupdatedtime="1693568307000" sourcerepositoryid="7ed54320-3578-4ac9-b397-79b057f159b7" objectrepositorytype="EXECUTION"/>
      <Object class="oracle.odi.domain.runtime.scenario.OdiScenario" globalId="50accdf4-ad79-452f-afde-a6a135b68d0f" name="SYN_FROM_JSON Version 002" path="\Work Repository\Projects\DEMO\First_Folder\Procedures\Scenarios\SCEN_SYN_FROM_JSON_Version_002.xml" lastupdatedtime="1694692451000" sourcerepositoryid="7ed54320-3578-4ac9-b397-79b057f159b7" objectrepositorytype="EXECUTION"/>
   </ObjectsToUpdate>
   <ObjectsToDelete/>
</OdiDeploymentArchive>
