<?xml version="1.0" encoding="UTF-8"?>
<SunopsisExport>
<Admin RepositoryVersion="05.02.02.09" IsLegacyIdCompatible="false" />
<Encryption algorithm="AES" keyLength="128" exportKeyHash="7/D2/HK3fAGonozRYjwMr2KwIwgHB2SZ2NElo1DKoOU=" keyVect="pE2Uczm4HhlMU5ENSf2gzw==" exportKeySalt="8c6c5faa-281e-46d7-b7c2-8accd2e1150e" containsCipherText="false"/>
<Object class="com.sunopsis.dwg.dbobj.SnpLschema">
		<Field name="ExtVersion" type="java.lang.String">null</Field>
	<Field name="FirstDate" type="java.sql.Timestamp"><![CDATA[2021-05-14 03:36:30.0]]></Field>
	<Field name="FirstUser" type="java.lang.String"><![CDATA[SUPERVISOR]]></Field>
	<Field name="GlobalId" type="java.lang.String"><![CDATA[53f325f5-cc19-41af-b958-a16f3486bba6]]></Field>
	<Field name="IndChange" type="java.lang.String"><![CDATA[U]]></Field>
	<Field name="IntVersion" type="com.sunopsis.sql.DbInt"><![CDATA[2]]></Field>
	<Field name="ILschema" type="com.sunopsis.sql.DbInt"><![CDATA[14]]></Field>
	<Field name="ITechno" type="com.sunopsis.sql.DbInt"><![CDATA[16]]></Field>
	<Field name="ITgtDbLs" type="com.sunopsis.sql.DbInt"><![CDATA[null]]></Field>
	<Field name="LastDate" type="java.sql.Timestamp"><![CDATA[2021-05-14 03:36:34.0]]></Field>
	<Field name="LastUser" type="java.lang.String"><![CDATA[SUPERVISOR]]></Field>
	<Field name="LschemaName" type="java.lang.String"><![CDATA[ds1]]></Field>
	<Field name="ProcessType" type="java.lang.String">null</Field>
</Object>
<Object class="com.sunopsis.dwg.dbobj.SnpPschemaCont">
		<Field name="FirstDate" type="java.sql.Timestamp"><![CDATA[2021-05-14 03:36:34.0]]></Field>
	<Field name="FirstUser" type="java.lang.String"><![CDATA[SUPERVISOR]]></Field>
	<Field name="GlobalId" type="java.lang.String"><![CDATA[37941c53-c52e-4d76-9905-9210976d856c]]></Field>
	<Field name="IntVersion" type="com.sunopsis.sql.DbInt"><![CDATA[1]]></Field>
	<Field name="IContext" type="com.sunopsis.sql.DbInt"><![CDATA[4]]></Field>
	<Field name="ILschema" type="com.sunopsis.sql.DbInt"><![CDATA[14]]></Field>
	<Field name="IPschema" type="com.sunopsis.sql.DbInt"><![CDATA[13]]></Field>
	<Field name="LastDate" type="java.sql.Timestamp"><![CDATA[2021-05-14 03:36:34.0]]></Field>
	<Field name="LastUser" type="java.lang.String"><![CDATA[SUPERVISOR]]></Field>
</Object>
<Object class="com.sunopsis.dwg.dbobj.SnpReferencedObject">
		<Field name="IObject" type="com.sunopsis.sql.DbInt"><![CDATA[1700]]></Field>
	<Field name="ObjectPKasString" type="java.lang.String"><![CDATA[4]]></Field>
	<Field name="ObjectAKasString" type="java.lang.String"><![CDATA[GLOBAL]]></Field>
	<Field name="Description" type="java.lang.String"><![CDATA[SNP_CONTEXT : Global]]></Field>
 <Field name="GlobalId" type="java.lang.String"><![CDATA[af79390f-548b-3f6e-b5dc-b152c271c701]]></Field>
</Object>
<Object class="com.sunopsis.dwg.dbobj.SnpFKXRef">
		<Field name="RefKey" type="java.lang.String"><![CDATA[SNP_TECHNO.16]]></Field>
	<Field name="RefObjGlobalId" type="java.lang.String"><![CDATA[14d1db64-b833-3400-9ca6-595ffc963a64]]></Field>
 <Field name="RefObjFQName" type="java.lang.String"><![CDATA[File]]></Field>
 <Field name="RefObjFQType" type="java.lang.String"><![CDATA[SNP_TECHNO]]></Field>
 <Field name="RefObjFQNameLengths" type="java.lang.String"><![CDATA[4]]></Field>
</Object>
<Object class="com.sunopsis.dwg.dbobj.SnpFKXRef">
		<Field name="RefKey" type="java.lang.String"><![CDATA[SNP_CONTEXT.4]]></Field>
	<Field name="RefObjGlobalId" type="java.lang.String"><![CDATA[af79390f-548b-3f6e-b5dc-b152c271c701]]></Field>
 <Field name="RefObjFQName" type="java.lang.String"><![CDATA[Global]]></Field>
 <Field name="RefObjFQType" type="java.lang.String"><![CDATA[SNP_CONTEXT]]></Field>
 <Field name="RefObjFQNameLengths" type="java.lang.String"><![CDATA[6]]></Field>
</Object>
<Object class="com.sunopsis.dwg.dbobj.SnpFKXRef">
		<Field name="RefKey" type="java.lang.String"><![CDATA[SNP_LSCHEMA.14]]></Field>
	<Field name="RefObjGlobalId" type="java.lang.String"><![CDATA[53f325f5-cc19-41af-b958-a16f3486bba6]]></Field>
 <Field name="RefObjFQName" type="java.lang.String"><![CDATA[File.ds1]]></Field>
 <Field name="RefObjFQType" type="java.lang.String"><![CDATA[SNP_TECHNO.SNP_LSCHEMA]]></Field>
 <Field name="RefObjFQNameLengths" type="java.lang.String"><![CDATA[4.3]]></Field>
</Object>
<Object class="com.sunopsis.dwg.dbobj.SnpFKXRef">
		<Field name="RefKey" type="java.lang.String"><![CDATA[SNP_PSCHEMA.13]]></Field>
	<Field name="RefObjGlobalId" type="java.lang.String"><![CDATA[f61d96ae-0083-4485-9b4f-c18331d1cbc6]]></Field>
 <Field name="RefObjFQName" type="java.lang.String"><![CDATA[File.ds_1.ds_1.R:\]]></Field>
 <Field name="RefObjFQType" type="java.lang.String"><![CDATA[SNP_TECHNO.SNP_CONNECT.SNP_PSCHEMA]]></Field>
 <Field name="RefObjFQNameLengths" type="java.lang.String"><![CDATA[4.4.8]]></Field>
</Object>
<Object class="com.sunopsis.dwg.DwgExportSummary">
		<Field name="ExpTxtNb" type="com.sunopsis.sql.DbInt"><![CDATA[0]]></Field>
	<Field name="InstObjNb" type="com.sunopsis.sql.DbInt"><![CDATA[0]]></Field>
	<Field name="JoinColNb" type="com.sunopsis.sql.DbInt"><![CDATA[0]]></Field>
	<Field name="JoinNb" type="com.sunopsis.sql.DbInt"><![CDATA[0]]></Field>
	<Field name="KeyColNb" type="com.sunopsis.sql.DbInt"><![CDATA[0]]></Field>
	<Field name="KeyNb" type="com.sunopsis.sql.DbInt"><![CDATA[0]]></Field>
	<Field name="LinkDiagNb" type="com.sunopsis.sql.DbInt"><![CDATA[0]]></Field>
	<Field name="MorigTxtNb" type="com.sunopsis.sql.DbInt"><![CDATA[0]]></Field>
	<Field name="MtxtNb" type="com.sunopsis.sql.DbInt"><![CDATA[0]]></Field>
	<Field name="OrigTxtNb" type="com.sunopsis.sql.DbInt"><![CDATA[0]]></Field>
	<Field name="OtherObjectsNb" type="com.sunopsis.sql.DbInt"><![CDATA[2]]></Field>
	<Field name="PlanAgentNb" type="com.sunopsis.sql.DbInt"><![CDATA[0]]></Field>
	<Field name="StepNb" type="com.sunopsis.sql.DbInt"><![CDATA[0]]></Field>
	<Field name="TxtNb" type="com.sunopsis.sql.DbInt"><![CDATA[0]]></Field>
	<Field name="UeOrigNb" type="com.sunopsis.sql.DbInt"><![CDATA[0]]></Field>
	<Field name="UeUsedNb" type="com.sunopsis.sql.DbInt"><![CDATA[0]]></Field>
	<Field name="VarPlanAgentNb" type="com.sunopsis.sql.DbInt"><![CDATA[0]]></Field>
	<Field name="ScenTxtNb" type="com.sunopsis.sql.DbInt"><![CDATA[0]]></Field>
	<Field name="OdiVersion" type="java.lang.String"><![CDATA[12.2.1]]></Field>
	<Field name="OriginRepositoryID" type="com.sunopsis.sql.DbInt"><![CDATA[0]]></Field>
	<Field name="RepositoryVersion" type="java.lang.String"><![CDATA[05.02.02.09]]></Field>
</Object>
</SunopsisExport>
