<?xml version="1.0" encoding="UTF-8"?>
<SunopsisExport>
<Admin RepositoryVersion="05.02.02.09" IsLegacyIdCompatible="false" />
<Encryption algorithm="AES" keyLength="128" exportKeyHash="Cn9j48PfUk2FcK2RY6kqiVQXS9cjsf5USJGsWoRCWsI=" keyVect="IhnZPPDN1nYgSbeU/5SiMQ==" exportKeySalt="ac7225a2-3aea-4cdf-9aed-cd9d5ff40165" containsCipherText="false"/>
<Object class="com.sunopsis.dwg.dbobj.SnpTrt">
		<Field name="CleanupOnError" type="java.lang.String">null</Field>
	<Field name="CompType" type="java.lang.String"><![CDATA[AP]]></Field>
	<Field name="DelegateClass" type="java.lang.String"><![CDATA[HiveSqoopImportBaseLKM]]></Field>
	<Field name="DelegateScript" type="java.lang.String"><![CDATA[	
        import oracle.odi.mapping.generation.AbstractSyntaxTree.ASTProducerMethod;
        import oracle.odi.mapping.generation.AbstractSyntaxTree.SubstitutionAPIMethod;
        import oracle.odi.domain.mapping.generator.KMGeneratorDelegateRegistry.GeneratorDelegateClass;
        @GeneratorDelegateClass(componentType="AP", descriptionKey="GeneratorDelegateClass.HiveSqoopImportBaseLKM")    
        public class HiveSqoopImportBaseLKM extends HiveSqoopBaseLKM {    	
            // class constructor; initialization is done in setBinding method
            public HiveSqoopImportBaseLKM() {}        
            // Declare KM level vars
            protected String option_SQOOP_PARALLELISM
            protected String option_SPLIT_BY
            protected String option_BOUNDARY_QUERY    
            protected String sqoopQueryString  
            protected boolean isToHive, isToFile, isToHBase, isFromOracle, isFromIbmDb2Udb, isFromMsSQL, isFromTeradata, isFromMySQL, isFromNetezza
            protected srcTechno, destTechno  
            
            public void setBinding( Binding binding ) {
                super.setBinding( binding )
                // Initialize variables
                option_SQOOP_PARALLELISM   = getOption(    "SQOOP_PARALLELISM" )
                option_SPLIT_BY       = getOption( "SPLIT_BY" )
                option_SPLIT_BY       = option_SPLIT_BY==null?"":option_SPLIT_BY.trim()
                option_BOUNDARY_QUERY = getOption( "BOUNDARY_QUERY" )
                option_BOUNDARY_QUERY = option_BOUNDARY_QUERY==null?"":option_BOUNDARY_QUERY.trim()

                srcTechno          = physicalNode.getAPNodeSourceExUnit().getLocation().getTechnology()
                destTechno         = physicalNode.getExecutionUnit().getLocation().getTechnology()
                
                def srcTechnoName  = srcTechno.getInternalName()            
                def destTechnoName = destTechno.getInternalName()            
                isToFile           = destTechnoName.equalsIgnoreCase("FILE")
                isToHive           = destTechnoName.equalsIgnoreCase("HIVE")
                isToHBase          = destTechnoName.equalsIgnoreCase("HBASE")            
                isFromOracle       = srcTechnoName.equalsIgnoreCase ("ORACLE")
                isFromIbmDb2Udb    = srcTechnoName.equalsIgnoreCase ("IBM_DB2_UDB")
                isFromMsSQL        = srcTechnoName.equalsIgnoreCase ("MICROSOFT_SQL_SERVER")
                isFromTeradata     = srcTechnoName.equalsIgnoreCase ("TERADATA")
                isFromMySQL        = srcTechnoName.equalsIgnoreCase ("MYSQL")
                isFromNetezza      = srcTechnoName.equalsIgnoreCase ("NETEZZA")
            }
            
            public void setSqoopQuery ( SqlQuery input ) {  
                sqoopQueryString = input.getText()
                            
                // gen'ed query must not contain any empty lines and any line must be terminated by a backslash
                sqoopQueryString = sqoopQueryString.replaceAll( "\n", Matcher.quoteReplacement(" \\\n") )
                sqoopQueryString += " \\"
                
                /* Not needed, as C$ table column names are under control of the user
                   May be reincluded later if we want to support any attribute names on APs
                // Currently we need to double-quote CX_COL_NAMES in some cases:
                // Add double-quotes for HBase target
                def dq = '"'
                def odq = ''
                
                if ( isToHBase ) {
                    if ( isFromMySQL ) {
                        // For MySQL we must use ` character
                        odq = ""+(char)96;
                    } else {
                        odq = dq;
                    }
                }
                */
                
                // If SPLIT_BY is defined, we have to surround the query by an outer SELECT for certain technologies. 
                // Otherwise target column names used in SPLIT_BY expression are not resolved on some databases 
                // (Oracle does not allow column aliases in SELECT list to be used in where conditions.
                // extra select is needed for Oracle, DB2, MSSQL, not needed for Teradata and sometimes needed for MySQL
                def addOuterSelect = false
                if (option_SPLIT_BY.length() > 0) {
                    addOuterSelect = true
                    if (isFromTeradata)  addOuterSelect = false
                    if (isFromMySQL) {
                        addOuterSelect = false
                        if (isToFile)  addOuterSelect = true
                    }
                }
                // Probably for fetching column metadata SQOOP (at least on Oracle) always executes a query with
                // <SQL query> where (1=0) during SQOOP's java generation phase. This query requires a outer select
                // e.g. when there is Filter, Aggregate, Split or other component, whose SQL will fail when appended
                // by "where (1=0)". For simplicity we adding an outer select clause always:
                addOuterSelect = true
                
                if ( addOuterSelect ) {
                    def tableAliasSeparator = (srcTechno.getTableAliasSeparator()==null)?"":srcTechno.getTableAliasSeparator()
                    sqoopQueryString = "SELECT * FROM ( \\\n" + sqoopQueryString + "\n) " + tableAliasSeparator + " ODI_SQOOP_QUERY \\\n\\"
                }
                
            }
            
            void updateBinding() {
                super.updateBinding()
                // Publish variables into binding to make them available in templates and variableDefText
                                        
                def srcTechnoName        = srcTechno.getInternalName()
                def destTechnoName        = destTechno.getInternalName()
    
                def stageTableName  = generatorContext.getAPNodeCollTableAccessName( physicalNode )
                                      //physicalNode.getStageTableName()     
                // Get COLL_SHORT_NAME                                                           
                def teradataStageTableName = '<?=odiRef.getObjectShortName("L", "' + "%COL_PRF" + physicalNode.getCollTableUniquenessDigits() + physicalNode.getStageTableName() + '", "W")?>'
                def teradataQualifiedStagingTable = '<?=odiRef.getObjectName("L", "' + "%COL_PRF" + physicalNode.getCollTableUniquenessDigits() + physicalNode.getStageTableName() + '", "W")?>'
                def teradataQualifiedStagingView  = '<?=odiRef.getObjectName("L", "' + "V%COL_PRF" + physicalNode.getCollTableUniquenessDigits() + physicalNode.getStageTableName() + '", "W")?>'
                mBinding.setVariable( "teradataQualifiedStagingTable", teradataQualifiedStagingTable ) 
                mBinding.setVariable( "teradataQualifiedStagingView",  teradataQualifiedStagingView )     
                
                def useGeneric      = option_USE_GENERIC_JDBC_CONNECTOR
                def isFromTeradataToHive = ( isFromTeradata && isToHive )
                
                mBinding.setVariable( "useGeneric",      useGeneric )             
                mBinding.setVariable( "isToFile",        isToFile ) 
                mBinding.setVariable( "isToHive",        isToHive ) 
                mBinding.setVariable( "isToHBase",       isToHBase ) 
                mBinding.setVariable( "isFromOracle",    isFromOracle ) 
                mBinding.setVariable( "isFromTeradata",  isFromTeradata ) 
                mBinding.setVariable( "isFromMsSQL",     isFromMsSQL ) 
                mBinding.setVariable( "isFromMySQL",     isFromMySQL ) 
                mBinding.setVariable( "isFromIbmDb2Udb", isFromIbmDb2Udb ) 
                mBinding.setVariable( "isFromNetezza",   isFromNetezza ) 
                mBinding.setVariable( "isFromTeradataToHive", isFromTeradataToHive ) 
                
                mBinding.setVariable( "srcJavaUrl",    '''<?=odiRef.getInfo("SRC_JAVA_URL")?>''' )
                mBinding.setVariable( "srcJavaDriver", '''<?=odiRef.getInfo("SRC_JAVA_DRIVER")?>''' )
                mBinding.setVariable( "srcUserName",   '''<?=odiRef.getInfo("SRC_USER_NAME")?>''' )
                mBinding.setVariable( "srcPassword", '''<?=odiRef.getInfo("SRC_PASS")?>''' )            
                
                mBinding.setVariable( "option_SQOOP_PARALLELISM",                     option_SQOOP_PARALLELISM )
                mBinding.setVariable( "option_SPLIT_BY",       option_SPLIT_BY ) 
                mBinding.setVariable( "option_BOUNDARY_QUERY", option_BOUNDARY_QUERY ) 
                            
                mBinding.setVariable( "tempPath", getQuotedString( getOption( "TEMP_DIR" ) ) ) 
                if ( isToFile ) {
                    mBinding.setVariable( "targetDir", '''<?=odiRef.getQuotedString( odiRef.getInfo( "DEST_SCHEMA" ))?>''' )
                } else {         
                    mBinding.setVariable( "targetDir", getQuotedString( getOption( "MAPRED_OUTPUT_BASE_DIR" ) + "/" + stageTableName ) )
                }                        
                mBinding.setVariable( "srcSchemaName",     '''<?=odiRef.getInfo("SRC_SCHEMA")?>''' ) 
                mBinding.setVariable( "srcWorkSchemaName", '''<?=odiRef.getInfo("SRC_WORK_SCHEMA")?>''' ) 
                mBinding.setVariable( "destSchemaName",    '''<?=odiRef.getInfo("DEST_SCHEMA")?>''' ) 
                mBinding.setVariable( "teradataStageTableName", teradataStageTableName ) 
              
                if ( isToHive ) {
                      mBinding.setVariable( "hiveTableName",                            getQuotedString(stageTableName) ) 
                    mBinding.setVariable( "hiveMetastoreUris",                        '''<?=odiRef.getFlexFieldValue( odiRef.getInfo("DEST_CONNECT_GUID"), "1400", "HIVE_METASTORE_URIS" )?>''' )
                    mBinding.setVariable( "hiveMetastoreUrisQuoted",                  '''<?=odiRef.getQuotedString( odiRef.getFlexFieldValue( odiRef.getInfo("DEST_CONNECT_GUID"), "1400", "HIVE_METASTORE_URIS" ) )?>''' )
                }
                
                if ( option_SPLIT_BY.length() > 0 ) {
                    //def splitByCxColName = option_SPLIT_BY
                    
                    def splitByCxColName
                    // Called from a direct-load KM?
                    if (physicalNode.isDirectLoad()) {
                          def attr = physicalNode.getParentNode().getLogicalComponent().findOutputAttribute( option_SPLIT_BY )
                          splitByCxColName = attr?.getName()
                    } else {
                        // No, call is from standard LKM
                          def col = physicalNode.findPhysicalColumn( option_SPLIT_BY )
                          splitByCxColName = col?.getName()
                    }
                      if ( splitByCxColName == null)
                          throw new OdiKMException( "Cannot find attribute ${option_SPLIT_BY} specified on KM OPTION SPLIT_BY." )                        
                      //bug29050985 - remove column family name to match alias name
                      if (isToHBase) {
                          def idx = splitByCxColName.indexOf(":");
                          if (idx > 0)
                            splitByCxColName = splitByCxColName.substring(idx+1);
                      }
                      // Add double quotes when needed
                      // Standard double-quoting rules for non-HBase targets
                      // Force double-quoting for HBase targets, as we must ensure that alias names
                      // do not get upper or lower cased by source database
    	              splitByCxColName = MapAttribute.getSQLAccessName(srcTechno, splitByCxColName, isToHBase)
                    
                    // Is the split-by column double-quoted?
                  if ( splitByCxColName.startsWith( '"' ) ) {
                        // Sqoop bug: for passing a double-quoted column name like "key", this expression must be used: '""key""'
                        //if ( isFromMySQL ) {
                        //    splitByCxColName = '"' + splitByCxColName + '"'
                        //} else {
                        //    splitByCxColName = '""' + splitByCxColName + '""'
                        //}
                        splitByCxColName = '"' + splitByCxColName + '"'
                    }
                    splitByCxColName = "'" + splitByCxColName + "'"
                    mBinding.setVariable( "splitByCxColName", splitByCxColName )
                } else {
                    mBinding.setVariable( "splitByCxColName", "" )
                }
              
                // Validate source technology
                if ( !( isFromOracle || isFromTeradata || isFromMsSQL || isFromMySQL || isFromIbmDb2Udb || isFromNetezza || useGeneric ) ) {
                    throw new OdiKMException(
                        "ODIKM-HADOOP-IKM-10000", "ODIKM-HADOOP-IKM-10000: This KM does not have specific connector support for source technology {0}. Please consider using USE_GENERIC_JDBC_CONNECTOR = true.", 
                        [ srcTechnoName ] as String[] )
                }
    
                // Validate target technology
                if (!(isToFile || isToHive || isToHBase)) {
                    throw new OdiKMException(
                        "ODIKM-HADOOP-IKM-10000", "ODIKM-HADOOP-IKM-10000: Target technology {0} is not supported.", 
                        [ destTechnoName ] as String[] )
                }
            
                // Validate Teradata Connector limitations (only File output is supported)
                if ((isToHive||isToHBase) && isFromTeradata && !useGeneric) { 
                    throw new OdiKMException(
                        "ODIKM-HADOOP-IKM-10000", "ODIKM-HADOOP-IKM-10000: Teradata Connector does not support transfer to {0}. Please consider using the generic Sqoop JDBC connector: USE_GENERIC_JDBC_CONNECTOR=1.", 
                        [ destTechnoName ] as String[] )
                }
    
                // Check that SPLIT_BY is defined when SQOOP_PARALLELISM > 1
                if ( !option_SQOOP_PARALLELISM.equals("1") && (option_SPLIT_BY.equals("")) ) {
                    throw new OdiKMException(
                        "ODIKM-HADOOP-IKM-10000", "ODIKM-HADOOP-IKM-10000: SQOOP_PARALLELISM is set to {0}. Parallelism of more than 1, requires SPLIT_BY to be set.", 
                        [ option_SQOOP_PARALLELISM ] as String[] );
                }
                   
                // Check that SPLIT_BY is defined when BOUNDARY_QUERY is set
                if ( option_BOUNDARY_QUERY.length()>0 && option_SPLIT_BY.length()==0 ) {
                    throw new OdiKMException(
                        "ODIKM-HADOOP-IKM-10000", "ODIKM-HADOOP-IKM-10000: BOUNDARY_QUERY is set ({0}). This value is used only, if KM option SPLIT_BY is set. Either remove value from BOUNDARY_QUERY or set SPLIT_BY.", 
                        [ option_BOUNDARY_QUERY ] as String[] );
                }
                
                mBinding.setVariable( "sqoopQueryString",      sqoopQueryString )         	
            }
        } // End of class definition
            
    ]]></Field>
	<Field name="ExpectedAstClass" type="java.lang.String"><![CDATA[oracle.odi.mapping.generation.SqlQuery]]></Field>
	<Field name="ExtVersion" type="java.lang.String">null</Field>
	<Field name="FirstDate" type="java.sql.Timestamp"><![CDATA[2021-08-27 16:25:20.0]]></Field>
	<Field name="FirstUser" type="java.lang.String"><![CDATA[SUNOPSIS_INSTALL]]></Field>
	<Field name="GlobalId" type="java.lang.String"><![CDATA[FBA00EADFA760AA6E04311C1E40A6B08]]></Field>
	<Field name="IndChange" type="java.lang.String"><![CDATA[U]]></Field>
	<Field name="IndExcludeExUnitBegin" type="java.lang.String"><![CDATA[0]]></Field>
	<Field name="IndExcludeExUnitEnd" type="java.lang.String"><![CDATA[0]]></Field>
	<Field name="IndExcludeExUnitMain" type="java.lang.String"><![CDATA[0]]></Field>
	<Field name="IndExcludeMapBegin" type="java.lang.String"><![CDATA[0]]></Field>
	<Field name="IndExcludeMapCleanup" type="java.lang.String"><![CDATA[0]]></Field>
	<Field name="IndExcludeMapEnd" type="java.lang.String"><![CDATA[0]]></Field>
	<Field name="IndGenerateLoad" type="java.lang.String"><![CDATA[1]]></Field>
	<Field name="IndIsHidden" type="java.lang.String"><![CDATA[1]]></Field>
	<Field name="IndJrnMethod" type="java.lang.String">null</Field>
	<Field name="IndSuppSetBased" type="java.lang.String"><![CDATA[0]]></Field>
	<Field name="IntgType" type="java.lang.String"><![CDATA[CONTROL_APPEND]]></Field>
	<Field name="IntVersion" type="com.sunopsis.sql.DbInt"><![CDATA[5]]></Field>
	<Field name="IsConcurrent" type="java.lang.String">null</Field>
	<Field name="IsSeeded" type="java.lang.String"><![CDATA[1]]></Field>
	<Field name="IBaseCompKm" type="com.sunopsis.sql.DbInt"><![CDATA[67]]></Field>
	<Field name="IFolder" type="com.sunopsis.sql.DbInt"><![CDATA[null]]></Field>
	<Field name="IProject" type="com.sunopsis.sql.DbInt"><![CDATA[null]]></Field>
	<Field name="IScBaseTrt" type="com.sunopsis.sql.DbInt"><![CDATA[null]]></Field>
	<Field name="IScOrigTrt" type="com.sunopsis.sql.DbInt"><![CDATA[null]]></Field>
	<Field name="IScTrt" type="com.sunopsis.sql.DbInt"><![CDATA[null]]></Field>
	<Field name="ITrt" type="com.sunopsis.sql.DbInt"><![CDATA[68]]></Field>
	<Field name="ITxtDelTxt" type="com.sunopsis.sql.DbInt"><![CDATA[null]]></Field>
	<Field name="ITxtTrtTxt" type="com.sunopsis.sql.DbInt"><![CDATA[239]]></Field>
	<Field name="KimMultiDserver" type="java.lang.String"><![CDATA[0]]></Field>
	<Field name="KmDefault" type="java.lang.String"><![CDATA[0]]></Field>
	<Field name="KmLang" type="java.lang.String"><![CDATA[SQL]]></Field>
	<Field name="KmSrcLang" type="java.lang.String"><![CDATA[SQL]]></Field>
	<Field name="KmSrcTechno" type="java.lang.String"><![CDATA[GENERIC_SQL]]></Field>
	<Field name="KmTechno" type="java.lang.String"><![CDATA[GENERIC_SQL]]></Field>
	<Field name="KmVersion" type="java.lang.String">null</Field>
	<Field name="LastDate" type="java.sql.Timestamp"><![CDATA[2021-08-27 16:27:17.0]]></Field>
	<Field name="LastUser" type="java.lang.String"><![CDATA[SUNOPSIS_INSTALL]]></Field>
	<Field name="LkmType" type="java.lang.String"><![CDATA[N]]></Field>
	<Field name="LChecksum" type="com.sunopsis.sql.DbInt"><![CDATA[0]]></Field>
	<Field name="LCode" type="java.lang.String">null</Field>
	<Field name="OggJkm" type="java.lang.String">null</Field>
	<Field name="OrdFolder" type="com.sunopsis.sql.DbInt"><![CDATA[null]]></Field>
	<Field name="ProcType" type="java.lang.String"><![CDATA[N]]></Field>
	<Field name="ProdAstType" type="java.lang.String">null</Field>
	<Field name="RepGuid" type="java.lang.String">null</Field>
	<Field name="RepVersion" type="java.lang.String">null</Field>
	<Field name="ScriptPath" type="java.lang.String">null</Field>
	<Field name="ScOrigTrtTag" type="java.lang.String">null</Field>
	<Field name="Subtype" type="java.lang.String"><![CDATA[INSERT*]]></Field>
	<Field name="TrtName" type="java.lang.String"><![CDATA[HiveSqoopImportBaseLKM]]></Field>
	<Field name="TrtType" type="java.lang.String"><![CDATA[CK]]></Field>
	<Field name="VariableDefs" type="java.lang.String">null</Field>
	<Field name="VLastDate" type="java.sql.Timestamp">null</Field>
</Object>
<Object class="com.sunopsis.dwg.dbobj.SnpUserExitGroup">
		<Field name="GlobalId" type="java.lang.String"><![CDATA[02569DCCF5E62F77E050E50AA8BB309B]]></Field>
	<Field name="GroupName" type="java.lang.String"><![CDATA[Parallelism]]></Field>
	<Field name="ITrt" type="com.sunopsis.sql.DbInt"><![CDATA[68]]></Field>
	<Field name="IUserExitGroup" type="com.sunopsis.sql.DbInt"><![CDATA[3]]></Field>
	<Field name="Position" type="com.sunopsis.sql.DbInt"><![CDATA[1]]></Field>
</Object>
<Object class="com.sunopsis.dwg.dbobj.SnpUserExit">
		<Field name="ExprITxt" type="com.sunopsis.sql.DbInt"><![CDATA[null]]></Field>
	<Field name="ExtVersion" type="java.lang.String">null</Field>
	<Field name="GlobalId" type="java.lang.String"><![CDATA[FBF0D5B45C980ADBE04311C1E40ABBFE]]></Field>
	<Field name="IndChange" type="java.lang.String">null</Field>
	<Field name="ITrt" type="com.sunopsis.sql.DbInt"><![CDATA[68]]></Field>
	<Field name="ITxtUeHelp" type="com.sunopsis.sql.DbInt"><![CDATA[250]]></Field>
	<Field name="ITxtValue" type="com.sunopsis.sql.DbInt"><![CDATA[null]]></Field>
	<Field name="IUserExit" type="com.sunopsis.sql.DbInt"><![CDATA[68]]></Field>
	<Field name="IUserExitGroup" type="com.sunopsis.sql.DbInt"><![CDATA[3]]></Field>
	<Field name="Position" type="com.sunopsis.sql.DbInt"><![CDATA[1]]></Field>
	<Field name="ShortValue" type="java.lang.String"><![CDATA[1]]></Field>
	<Field name="Subtypes" type="java.lang.String">null</Field>
	<Field name="UeName" type="java.lang.String"><![CDATA[SQOOP_PARALLELISM]]></Field>
	<Field name="UeSdesc" type="java.lang.String"><![CDATA[Number of SQOOP parallel mappers]]></Field>
	<Field name="UeType" type="java.lang.String"><![CDATA[V]]></Field>
</Object>
<Object class="com.sunopsis.dwg.dbobj.SnpTxtHeader">
		<Field name="Enc" type="java.lang.String"><![CDATA[0]]></Field>
	<Field name="EncKey" type="java.lang.String">null</Field>
 <Field name="EncKeyVect" type="java.lang.String">null</Field>
	<Field name="GlobalId" type="java.lang.String"><![CDATA[a7d5e811-1906-4649-8756-060de705dcdd]]></Field>
	<Field name="ITxt" type="com.sunopsis.sql.DbInt"><![CDATA[250]]></Field>
	<Field name="ITxtOrig" type="com.sunopsis.sql.DbInt"><![CDATA[111]]></Field>
	<Field name="SqlIndGrp" type="java.lang.String"><![CDATA[0]]></Field>
 <Field name="Txt" type="java.lang.String"><![CDATA[Specifies the degree of parallelism. More precisely the number of mappers.
Number of mapper processes used for extraction.
When SQOOP_PARALLELISM > 1, SPLIT_BY must be defined]]></Field>
</Object>
<Object class="com.sunopsis.dwg.dbobj.SnpOrigTxt">
		<Field name="GlobalId" type="java.lang.String">null</Field>
	<Field name="ITxtOrig" type="com.sunopsis.sql.DbInt"><![CDATA[111]]></Field>
	<Field name="OrigineName" type="java.lang.String"><![CDATA[User Exit help]]></Field>
	<Field name="SnpsCol" type="java.lang.String"><![CDATA[I_TXT_UE_HELP]]></Field>
	<Field name="SnpsTable" type="java.lang.String"><![CDATA[SNP_USER_EXIT]]></Field>
</Object>
<Object class="com.sunopsis.dwg.dbobj.SnpUserExit">
		<Field name="ExprITxt" type="com.sunopsis.sql.DbInt"><![CDATA[251]]></Field>
	<Field name="ExtVersion" type="java.lang.String">null</Field>
	<Field name="GlobalId" type="java.lang.String"><![CDATA[FBF0D5B45C9C0ADBE04311C1E40ABBFE]]></Field>
	<Field name="IndChange" type="java.lang.String">null</Field>
	<Field name="ITrt" type="com.sunopsis.sql.DbInt"><![CDATA[68]]></Field>
	<Field name="ITxtUeHelp" type="com.sunopsis.sql.DbInt"><![CDATA[252]]></Field>
	<Field name="ITxtValue" type="com.sunopsis.sql.DbInt"><![CDATA[253]]></Field>
	<Field name="IUserExit" type="com.sunopsis.sql.DbInt"><![CDATA[69]]></Field>
	<Field name="IUserExitGroup" type="com.sunopsis.sql.DbInt"><![CDATA[3]]></Field>
	<Field name="Position" type="com.sunopsis.sql.DbInt"><![CDATA[2]]></Field>
	<Field name="ShortValue" type="java.lang.String">null</Field>
	<Field name="Subtypes" type="java.lang.String">null</Field>
	<Field name="UeName" type="java.lang.String"><![CDATA[SPLIT_BY]]></Field>
	<Field name="UeSdesc" type="java.lang.String"><![CDATA[Target column name for splitting the source data]]></Field>
	<Field name="UeType" type="java.lang.String"><![CDATA[T]]></Field>
</Object>
<Object class="com.sunopsis.dwg.dbobj.SnpTxtHeader">
		<Field name="Enc" type="java.lang.String"><![CDATA[0]]></Field>
	<Field name="EncKey" type="java.lang.String">null</Field>
 <Field name="EncKeyVect" type="java.lang.String">null</Field>
	<Field name="GlobalId" type="java.lang.String"><![CDATA[782995df-1d65-46aa-b099-ab5107eb2cb2]]></Field>
	<Field name="ITxt" type="com.sunopsis.sql.DbInt"><![CDATA[251]]></Field>
	<Field name="ITxtOrig" type="com.sunopsis.sql.DbInt"><![CDATA[105]]></Field>
	<Field name="SqlIndGrp" type="java.lang.String"><![CDATA[0]]></Field>
 <Field name="Txt" type="java.lang.String"><![CDATA[return Integer.parseInt(options.getValue("SQOOP_PARALLELISM"))>1?"show=true,enable=true":"show=true,enable=false";]]></Field>
</Object>
<Object class="com.sunopsis.dwg.dbobj.SnpOrigTxt">
		<Field name="GlobalId" type="java.lang.String">null</Field>
	<Field name="ITxtOrig" type="com.sunopsis.sql.DbInt"><![CDATA[105]]></Field>
	<Field name="OrigineName" type="java.lang.String"><![CDATA[Column description]]></Field>
	<Field name="SnpsCol" type="java.lang.String"><![CDATA[I_TXT_COL_DESC]]></Field>
	<Field name="SnpsTable" type="java.lang.String"><![CDATA[SNP_COL]]></Field>
</Object>
<Object class="com.sunopsis.dwg.dbobj.SnpTxtHeader">
		<Field name="Enc" type="java.lang.String"><![CDATA[0]]></Field>
	<Field name="EncKey" type="java.lang.String">null</Field>
 <Field name="EncKeyVect" type="java.lang.String">null</Field>
	<Field name="GlobalId" type="java.lang.String"><![CDATA[459e884e-9dbd-4752-8e64-eecd04a7daca]]></Field>
	<Field name="ITxt" type="com.sunopsis.sql.DbInt"><![CDATA[253]]></Field>
	<Field name="ITxtOrig" type="com.sunopsis.sql.DbInt"><![CDATA[110]]></Field>
	<Field name="SqlIndGrp" type="java.lang.String"><![CDATA[0]]></Field>
 <Field name="Txt" type="java.lang.String">null</Field>
</Object>
<Object class="com.sunopsis.dwg.dbobj.SnpOrigTxt">
		<Field name="GlobalId" type="java.lang.String">null</Field>
	<Field name="ITxtOrig" type="com.sunopsis.sql.DbInt"><![CDATA[110]]></Field>
	<Field name="OrigineName" type="java.lang.String"><![CDATA[Text value]]></Field>
	<Field name="SnpsCol" type="java.lang.String"><![CDATA[I_TXT_VALUE]]></Field>
	<Field name="SnpsTable" type="java.lang.String"><![CDATA[SNP_USER_EXIT]]></Field>
</Object>
<Object class="com.sunopsis.dwg.dbobj.SnpTxtHeader">
		<Field name="Enc" type="java.lang.String"><![CDATA[0]]></Field>
	<Field name="EncKey" type="java.lang.String">null</Field>
 <Field name="EncKeyVect" type="java.lang.String">null</Field>
	<Field name="GlobalId" type="java.lang.String"><![CDATA[34983219-7e0f-466b-966e-872c1f35b638]]></Field>
	<Field name="ITxt" type="com.sunopsis.sql.DbInt"><![CDATA[252]]></Field>
	<Field name="ITxtOrig" type="com.sunopsis.sql.DbInt"><![CDATA[111]]></Field>
	<Field name="SqlIndGrp" type="java.lang.String"><![CDATA[0]]></Field>
 <Field name="Txt" type="java.lang.String"><![CDATA[Specifies the unqualified target column name to be used for splitting the source data into n chunks for parallel extraction, where n is SQOOP_PARALLELISM.
To achieve equally sized data chunks the split column should contain homogeneously distributed values.
For calculating the data chunk boundaries a query similar to SELECT MIN(EMPNO), MAX(EMPNO) from EMPLOYEE EMP is used. To avoid an extra full table scan the split column should be backed by an index.]]></Field>
</Object>
<Object class="com.sunopsis.dwg.dbobj.SnpUserExit">
		<Field name="ExprITxt" type="com.sunopsis.sql.DbInt"><![CDATA[254]]></Field>
	<Field name="ExtVersion" type="java.lang.String">null</Field>
	<Field name="GlobalId" type="java.lang.String"><![CDATA[FBF0D5B45C9D0ADBE04311C1E40ABBFE]]></Field>
	<Field name="IndChange" type="java.lang.String">null</Field>
	<Field name="ITrt" type="com.sunopsis.sql.DbInt"><![CDATA[68]]></Field>
	<Field name="ITxtUeHelp" type="com.sunopsis.sql.DbInt"><![CDATA[255]]></Field>
	<Field name="ITxtValue" type="com.sunopsis.sql.DbInt"><![CDATA[256]]></Field>
	<Field name="IUserExit" type="com.sunopsis.sql.DbInt"><![CDATA[70]]></Field>
	<Field name="IUserExitGroup" type="com.sunopsis.sql.DbInt"><![CDATA[3]]></Field>
	<Field name="Position" type="com.sunopsis.sql.DbInt"><![CDATA[3]]></Field>
	<Field name="ShortValue" type="java.lang.String">null</Field>
	<Field name="Subtypes" type="java.lang.String">null</Field>
	<Field name="UeName" type="java.lang.String"><![CDATA[BOUNDARY_QUERY]]></Field>
	<Field name="UeSdesc" type="java.lang.String"><![CDATA[Query to retrieve min/max value for calculating data chunks using SPLIT_BY column]]></Field>
	<Field name="UeType" type="java.lang.String"><![CDATA[T]]></Field>
</Object>
<Object class="com.sunopsis.dwg.dbobj.SnpTxtHeader">
		<Field name="Enc" type="java.lang.String"><![CDATA[0]]></Field>
	<Field name="EncKey" type="java.lang.String">null</Field>
 <Field name="EncKeyVect" type="java.lang.String">null</Field>
	<Field name="GlobalId" type="java.lang.String"><![CDATA[b5e3522f-6f04-4f2f-be77-804d5230ec65]]></Field>
	<Field name="ITxt" type="com.sunopsis.sql.DbInt"><![CDATA[254]]></Field>
	<Field name="ITxtOrig" type="com.sunopsis.sql.DbInt"><![CDATA[105]]></Field>
	<Field name="SqlIndGrp" type="java.lang.String"><![CDATA[0]]></Field>
 <Field name="Txt" type="java.lang.String"><![CDATA[return Integer.parseInt(options.getValue("SQOOP_PARALLELISM"))>1?"show=true,enable=true":"show=true,enable=false";]]></Field>
</Object>
<Object class="com.sunopsis.dwg.dbobj.SnpTxtHeader">
		<Field name="Enc" type="java.lang.String"><![CDATA[0]]></Field>
	<Field name="EncKey" type="java.lang.String">null</Field>
 <Field name="EncKeyVect" type="java.lang.String">null</Field>
	<Field name="GlobalId" type="java.lang.String"><![CDATA[3f0a2764-5b5f-433f-a1f6-313485d3be30]]></Field>
	<Field name="ITxt" type="com.sunopsis.sql.DbInt"><![CDATA[256]]></Field>
	<Field name="ITxtOrig" type="com.sunopsis.sql.DbInt"><![CDATA[110]]></Field>
	<Field name="SqlIndGrp" type="java.lang.String"><![CDATA[0]]></Field>
 <Field name="Txt" type="java.lang.String">null</Field>
</Object>
<Object class="com.sunopsis.dwg.dbobj.SnpTxtHeader">
		<Field name="Enc" type="java.lang.String"><![CDATA[0]]></Field>
	<Field name="EncKey" type="java.lang.String">null</Field>
 <Field name="EncKeyVect" type="java.lang.String">null</Field>
	<Field name="GlobalId" type="java.lang.String"><![CDATA[50654711-3720-4c2e-9989-3a13f8cedb90]]></Field>
	<Field name="ITxt" type="com.sunopsis.sql.DbInt"><![CDATA[255]]></Field>
	<Field name="ITxtOrig" type="com.sunopsis.sql.DbInt"><![CDATA[111]]></Field>
	<Field name="SqlIndGrp" type="java.lang.String"><![CDATA[0]]></Field>
 <Field name="Txt" type="java.lang.String"><![CDATA[For splitting the source data into chunks for parallel extraction the minimum and maximum value of the split column is retrieved (KM option SPLIT-BY). In certain situations this may not be the best boundaries or not the most performant way to retrieve the boundaries. In such cases this KM option can be set to a SQL query returning one row with two columns, lowest value and highest value to be used for split-column. This range will be divided into SQOOP_PARALLELISM chunks for parallel extraction.
Example for hard-coded ranges for an Oracle source:
SELECT 1000, 2000 FROM DUAL
For preserving context independence regular table names should be inserted through odiRef.getObjectName calls. For example:
SELECT MIN(EMPNO), MAX(EMPNO) FROM <%=odiRef.getObjectName("EMP")%>]]></Field>
</Object>
<Object class="com.sunopsis.dwg.dbobj.SnpReferencedObject">
		<Field name="IObject" type="com.sunopsis.sql.DbInt"><![CDATA[3600]]></Field>
	<Field name="ObjectPKasString" type="java.lang.String"><![CDATA[67]]></Field>
	<Field name="ObjectAKasString" type="java.lang.String"><![CDATA[]]></Field>
	<Field name="Description" type="java.lang.String"><![CDATA[SNP_TRT : HiveSqoopBaseLKM]]></Field>
 <Field name="GlobalId" type="java.lang.String"><![CDATA[FBA00EADFA750AA6E04311C1E40A6B08]]></Field>
</Object>
<Object class="com.sunopsis.dwg.dbobj.SnpKmTemplateJoin">
		<Field name="GlobalId" type="java.lang.String"><![CDATA[d688ab52-5db0-45f4-ba00-dd3a536d6b1c]]></Field>
	<Field name="ISnpKmTemplate" type="com.sunopsis.sql.DbInt"><![CDATA[203]]></Field>
	<Field name="ISnpTrt" type="com.sunopsis.sql.DbInt"><![CDATA[68]]></Field>
</Object>
<Object class="com.sunopsis.dwg.dbobj.SnpKmTemplateJoin">
		<Field name="GlobalId" type="java.lang.String"><![CDATA[79dfa72a-7296-4837-b51e-fbcffdd04eba]]></Field>
	<Field name="ISnpKmTemplate" type="com.sunopsis.sql.DbInt"><![CDATA[195]]></Field>
	<Field name="ISnpTrt" type="com.sunopsis.sql.DbInt"><![CDATA[68]]></Field>
</Object>
<Object class="com.sunopsis.dwg.dbobj.SnpKmTemplateJoin">
		<Field name="GlobalId" type="java.lang.String"><![CDATA[b441ae59-b8ea-4aa7-b349-c6f9b8db110e]]></Field>
	<Field name="ISnpKmTemplate" type="com.sunopsis.sql.DbInt"><![CDATA[9]]></Field>
	<Field name="ISnpTrt" type="com.sunopsis.sql.DbInt"><![CDATA[68]]></Field>
</Object>
<Object class="com.sunopsis.dwg.dbobj.SnpKmTemplateJoin">
		<Field name="GlobalId" type="java.lang.String"><![CDATA[b919ca6a-e3e7-42ff-8d83-71b9ed6bc5c1]]></Field>
	<Field name="ISnpKmTemplate" type="com.sunopsis.sql.DbInt"><![CDATA[194]]></Field>
	<Field name="ISnpTrt" type="com.sunopsis.sql.DbInt"><![CDATA[68]]></Field>
</Object>
<Object class="com.sunopsis.dwg.dbobj.SnpKmTemplateJoin">
		<Field name="GlobalId" type="java.lang.String"><![CDATA[b39e6f1e-e174-444c-a164-88059ece6255]]></Field>
	<Field name="ISnpKmTemplate" type="com.sunopsis.sql.DbInt"><![CDATA[10]]></Field>
	<Field name="ISnpTrt" type="com.sunopsis.sql.DbInt"><![CDATA[68]]></Field>
</Object>
<Object class="com.sunopsis.dwg.dbobj.SnpKmTemplateJoin">
		<Field name="GlobalId" type="java.lang.String"><![CDATA[54d353b2-b306-4b67-86db-fee7975fcd82]]></Field>
	<Field name="ISnpKmTemplate" type="com.sunopsis.sql.DbInt"><![CDATA[183]]></Field>
	<Field name="ISnpTrt" type="com.sunopsis.sql.DbInt"><![CDATA[68]]></Field>
</Object>
<Object class="com.sunopsis.dwg.dbobj.SnpKmTemplateJoin">
		<Field name="GlobalId" type="java.lang.String"><![CDATA[5fb7a8fd-fe8a-4a41-8ab5-559ac03e585a]]></Field>
	<Field name="ISnpKmTemplate" type="com.sunopsis.sql.DbInt"><![CDATA[37]]></Field>
	<Field name="ISnpTrt" type="com.sunopsis.sql.DbInt"><![CDATA[68]]></Field>
</Object>
<Object class="com.sunopsis.dwg.dbobj.SnpKmTemplateJoin">
		<Field name="GlobalId" type="java.lang.String"><![CDATA[8991aae9-a042-43ca-b1f9-ef2d8664e5dd]]></Field>
	<Field name="ISnpKmTemplate" type="com.sunopsis.sql.DbInt"><![CDATA[186]]></Field>
	<Field name="ISnpTrt" type="com.sunopsis.sql.DbInt"><![CDATA[68]]></Field>
</Object>
<Object class="com.sunopsis.dwg.dbobj.SnpKmTemplateJoin">
		<Field name="GlobalId" type="java.lang.String"><![CDATA[efde2764-c102-4a1e-a4e9-d14e5fa57a8f]]></Field>
	<Field name="ISnpKmTemplate" type="com.sunopsis.sql.DbInt"><![CDATA[30]]></Field>
	<Field name="ISnpTrt" type="com.sunopsis.sql.DbInt"><![CDATA[68]]></Field>
</Object>
<Object class="com.sunopsis.dwg.dbobj.SnpKmTemplateJoin">
		<Field name="GlobalId" type="java.lang.String"><![CDATA[e9dc68c1-1bba-41a0-a440-673beb66456d]]></Field>
	<Field name="ISnpKmTemplate" type="com.sunopsis.sql.DbInt"><![CDATA[1]]></Field>
	<Field name="ISnpTrt" type="com.sunopsis.sql.DbInt"><![CDATA[68]]></Field>
</Object>
<Object class="com.sunopsis.dwg.dbobj.SnpKmTemplateJoin">
		<Field name="GlobalId" type="java.lang.String"><![CDATA[744cac5b-6f75-4471-a4b1-c5dc973c3b3b]]></Field>
	<Field name="ISnpKmTemplate" type="com.sunopsis.sql.DbInt"><![CDATA[202]]></Field>
	<Field name="ISnpTrt" type="com.sunopsis.sql.DbInt"><![CDATA[68]]></Field>
</Object>
<Object class="com.sunopsis.dwg.dbobj.SnpTxtHeader">
		<Field name="Enc" type="java.lang.String"><![CDATA[0]]></Field>
	<Field name="EncKey" type="java.lang.String">null</Field>
 <Field name="EncKeyVect" type="java.lang.String">null</Field>
	<Field name="GlobalId" type="java.lang.String"><![CDATA[da0fbaa2-30f3-4955-a151-4e7baf18e5c3]]></Field>
	<Field name="ITxt" type="com.sunopsis.sql.DbInt"><![CDATA[239]]></Field>
	<Field name="ITxtOrig" type="com.sunopsis.sql.DbInt"><![CDATA[107]]></Field>
	<Field name="SqlIndGrp" type="java.lang.String"><![CDATA[0]]></Field>
 <Field name="Txt" type="java.lang.String"><![CDATA[Internal base KM for any Sqoop Import LKMs]]></Field>
</Object>
<Object class="com.sunopsis.dwg.dbobj.SnpOrigTxt">
		<Field name="GlobalId" type="java.lang.String">null</Field>
	<Field name="ITxtOrig" type="com.sunopsis.sql.DbInt"><![CDATA[107]]></Field>
	<Field name="OrigineName" type="java.lang.String"><![CDATA[Edit Command]]></Field>
	<Field name="SnpsCol" type="java.lang.String"><![CDATA[I_TXT_TRT_TXT]]></Field>
	<Field name="SnpsTable" type="java.lang.String"><![CDATA[SNP_TRT]]></Field>
</Object>
<Object class="com.sunopsis.dwg.dbobj.SnpFKXRef">
		<Field name="RefKey" type="java.lang.String"><![CDATA[SNP_TXTHEADER.239]]></Field>
	<Field name="RefObjGlobalId" type="java.lang.String"><![CDATA[da0fbaa2-30f3-4955-a151-4e7baf18e5c3]]></Field>
 <Field name="RefObjFQName" type="java.lang.String">null</Field>
 <Field name="RefObjFQType" type="java.lang.String">null</Field>
 <Field name="RefObjFQNameLengths" type="java.lang.String">null</Field>
</Object>
<Object class="com.sunopsis.dwg.dbobj.SnpFKXRef">
		<Field name="RefKey" type="java.lang.String"><![CDATA[SNP_TRT.67]]></Field>
	<Field name="RefObjGlobalId" type="java.lang.String"><![CDATA[FBA00EADFA750AA6E04311C1E40A6B08]]></Field>
 <Field name="RefObjFQName" type="java.lang.String"><![CDATA[HiveSqoopBaseLKM]]></Field>
 <Field name="RefObjFQType" type="java.lang.String"><![CDATA[SNP_TRT]]></Field>
 <Field name="RefObjFQNameLengths" type="java.lang.String"><![CDATA[16]]></Field>
</Object>
<Object class="com.sunopsis.dwg.dbobj.SnpFKXRef">
		<Field name="RefKey" type="java.lang.String"><![CDATA[SNP_TRT.68]]></Field>
	<Field name="RefObjGlobalId" type="java.lang.String"><![CDATA[FBA00EADFA760AA6E04311C1E40A6B08]]></Field>
 <Field name="RefObjFQName" type="java.lang.String"><![CDATA[HiveSqoopImportBaseLKM]]></Field>
 <Field name="RefObjFQType" type="java.lang.String"><![CDATA[SNP_TRT]]></Field>
 <Field name="RefObjFQNameLengths" type="java.lang.String"><![CDATA[22]]></Field>
</Object>
<Object class="com.sunopsis.dwg.dbobj.SnpFKXRef">
		<Field name="RefKey" type="java.lang.String"><![CDATA[SNP_TXTHEADER.250]]></Field>
	<Field name="RefObjGlobalId" type="java.lang.String"><![CDATA[a7d5e811-1906-4649-8756-060de705dcdd]]></Field>
 <Field name="RefObjFQName" type="java.lang.String">null</Field>
 <Field name="RefObjFQType" type="java.lang.String">null</Field>
 <Field name="RefObjFQNameLengths" type="java.lang.String">null</Field>
</Object>
<Object class="com.sunopsis.dwg.dbobj.SnpFKXRef">
		<Field name="RefKey" type="java.lang.String"><![CDATA[SNP_USEREXITGROUP.3]]></Field>
	<Field name="RefObjGlobalId" type="java.lang.String"><![CDATA[02569DCCF5E62F77E050E50AA8BB309B]]></Field>
 <Field name="RefObjFQName" type="java.lang.String"><![CDATA[HiveSqoopImportBaseLKM.Parallelism]]></Field>
 <Field name="RefObjFQType" type="java.lang.String"><![CDATA[SNP_TRT.SNP_USEREXITGROUP]]></Field>
 <Field name="RefObjFQNameLengths" type="java.lang.String"><![CDATA[22.11]]></Field>
</Object>
<Object class="com.sunopsis.dwg.dbobj.SnpFKXRef">
		<Field name="RefKey" type="java.lang.String"><![CDATA[SNP_TXTHEADER.252]]></Field>
	<Field name="RefObjGlobalId" type="java.lang.String"><![CDATA[34983219-7e0f-466b-966e-872c1f35b638]]></Field>
 <Field name="RefObjFQName" type="java.lang.String">null</Field>
 <Field name="RefObjFQType" type="java.lang.String">null</Field>
 <Field name="RefObjFQNameLengths" type="java.lang.String">null</Field>
</Object>
<Object class="com.sunopsis.dwg.dbobj.SnpFKXRef">
		<Field name="RefKey" type="java.lang.String"><![CDATA[SNP_TXTHEADER.253]]></Field>
	<Field name="RefObjGlobalId" type="java.lang.String"><![CDATA[459e884e-9dbd-4752-8e64-eecd04a7daca]]></Field>
 <Field name="RefObjFQName" type="java.lang.String">null</Field>
 <Field name="RefObjFQType" type="java.lang.String">null</Field>
 <Field name="RefObjFQNameLengths" type="java.lang.String">null</Field>
</Object>
<Object class="com.sunopsis.dwg.dbobj.SnpFKXRef">
		<Field name="RefKey" type="java.lang.String"><![CDATA[SNP_TXTHEADER.251]]></Field>
	<Field name="RefObjGlobalId" type="java.lang.String"><![CDATA[782995df-1d65-46aa-b099-ab5107eb2cb2]]></Field>
 <Field name="RefObjFQName" type="java.lang.String">null</Field>
 <Field name="RefObjFQType" type="java.lang.String">null</Field>
 <Field name="RefObjFQNameLengths" type="java.lang.String">null</Field>
</Object>
<Object class="com.sunopsis.dwg.dbobj.SnpFKXRef">
		<Field name="RefKey" type="java.lang.String"><![CDATA[SNP_ORIGTXT.111]]></Field>
	<Field name="RefObjGlobalId" type="java.lang.String">null</Field>
 <Field name="RefObjFQName" type="java.lang.String">null</Field>
 <Field name="RefObjFQType" type="java.lang.String">null</Field>
 <Field name="RefObjFQNameLengths" type="java.lang.String">null</Field>
</Object>
<Object class="com.sunopsis.dwg.dbobj.SnpFKXRef">
		<Field name="RefKey" type="java.lang.String"><![CDATA[SNP_TXTHEADER.255]]></Field>
	<Field name="RefObjGlobalId" type="java.lang.String"><![CDATA[50654711-3720-4c2e-9989-3a13f8cedb90]]></Field>
 <Field name="RefObjFQName" type="java.lang.String">null</Field>
 <Field name="RefObjFQType" type="java.lang.String">null</Field>
 <Field name="RefObjFQNameLengths" type="java.lang.String">null</Field>
</Object>
<Object class="com.sunopsis.dwg.dbobj.SnpFKXRef">
		<Field name="RefKey" type="java.lang.String"><![CDATA[SNP_TXTHEADER.256]]></Field>
	<Field name="RefObjGlobalId" type="java.lang.String"><![CDATA[3f0a2764-5b5f-433f-a1f6-313485d3be30]]></Field>
 <Field name="RefObjFQName" type="java.lang.String">null</Field>
 <Field name="RefObjFQType" type="java.lang.String">null</Field>
 <Field name="RefObjFQNameLengths" type="java.lang.String">null</Field>
</Object>
<Object class="com.sunopsis.dwg.dbobj.SnpFKXRef">
		<Field name="RefKey" type="java.lang.String"><![CDATA[SNP_TXTHEADER.254]]></Field>
	<Field name="RefObjGlobalId" type="java.lang.String"><![CDATA[b5e3522f-6f04-4f2f-be77-804d5230ec65]]></Field>
 <Field name="RefObjFQName" type="java.lang.String">null</Field>
 <Field name="RefObjFQType" type="java.lang.String">null</Field>
 <Field name="RefObjFQNameLengths" type="java.lang.String">null</Field>
</Object>
<Object class="com.sunopsis.dwg.dbobj.SnpFKXRef">
		<Field name="RefKey" type="java.lang.String"><![CDATA[SNP_ORIGTXT.105]]></Field>
	<Field name="RefObjGlobalId" type="java.lang.String">null</Field>
 <Field name="RefObjFQName" type="java.lang.String">null</Field>
 <Field name="RefObjFQType" type="java.lang.String">null</Field>
 <Field name="RefObjFQNameLengths" type="java.lang.String">null</Field>
</Object>
<Object class="com.sunopsis.dwg.dbobj.SnpFKXRef">
		<Field name="RefKey" type="java.lang.String"><![CDATA[SNP_ORIGTXT.110]]></Field>
	<Field name="RefObjGlobalId" type="java.lang.String">null</Field>
 <Field name="RefObjFQName" type="java.lang.String">null</Field>
 <Field name="RefObjFQType" type="java.lang.String">null</Field>
 <Field name="RefObjFQNameLengths" type="java.lang.String">null</Field>
</Object>
<Object class="com.sunopsis.dwg.dbobj.SnpFKXRef">
		<Field name="RefKey" type="java.lang.String"><![CDATA[SNP_KMTEMPLATE.203]]></Field>
	<Field name="RefObjGlobalId" type="java.lang.String"><![CDATA[fa46f0d6-2d00-11e6-9444-00163e1ffd72]]></Field>
 <Field name="RefObjFQName" type="java.lang.String"><![CDATA[PrepareHiveSession]]></Field>
 <Field name="RefObjFQType" type="java.lang.String"><![CDATA[SNP_KMTEMPLATE]]></Field>
 <Field name="RefObjFQNameLengths" type="java.lang.String"><![CDATA[18]]></Field>
</Object>
<Object class="com.sunopsis.dwg.dbobj.SnpFKXRef">
		<Field name="RefKey" type="java.lang.String"><![CDATA[SNP_KMTEMPLATE.195]]></Field>
	<Field name="RefObjGlobalId" type="java.lang.String"><![CDATA[fa46efc8-2d00-11e6-943d-00163e1ffd72]]></Field>
 <Field name="RefObjFQName" type="java.lang.String"><![CDATA[DropTempIndexStage]]></Field>
 <Field name="RefObjFQType" type="java.lang.String"><![CDATA[SNP_KMTEMPLATE]]></Field>
 <Field name="RefObjFQNameLengths" type="java.lang.String"><![CDATA[18]]></Field>
</Object>
<Object class="com.sunopsis.dwg.dbobj.SnpFKXRef">
		<Field name="RefKey" type="java.lang.String"><![CDATA[SNP_KMTEMPLATE.9]]></Field>
	<Field name="RefObjGlobalId" type="java.lang.String"><![CDATA[fa46f3ce-2d00-11e6-9458-00163e1ffd72]]></Field>
 <Field name="RefObjFQName" type="java.lang.String"><![CDATA[JoinTable]]></Field>
 <Field name="RefObjFQType" type="java.lang.String"><![CDATA[SNP_KMTEMPLATE]]></Field>
 <Field name="RefObjFQNameLengths" type="java.lang.String"><![CDATA[9]]></Field>
</Object>
<Object class="com.sunopsis.dwg.dbobj.SnpFKXRef">
		<Field name="RefKey" type="java.lang.String"><![CDATA[SNP_KMTEMPLATE.194]]></Field>
	<Field name="RefObjGlobalId" type="java.lang.String"><![CDATA[fa46efa0-2d00-11e6-943c-00163e1ffd72]]></Field>
 <Field name="RefObjFQName" type="java.lang.String"><![CDATA[CreateTempIndexStage]]></Field>
 <Field name="RefObjFQType" type="java.lang.String"><![CDATA[SNP_KMTEMPLATE]]></Field>
 <Field name="RefObjFQNameLengths" type="java.lang.String"><![CDATA[20]]></Field>
</Object>
<Object class="com.sunopsis.dwg.dbobj.SnpFKXRef">
		<Field name="RefKey" type="java.lang.String"><![CDATA[SNP_KMTEMPLATE.10]]></Field>
	<Field name="RefObjGlobalId" type="java.lang.String"><![CDATA[fa46f3a6-2d00-11e6-9457-00163e1ffd72]]></Field>
 <Field name="RefObjFQName" type="java.lang.String"><![CDATA[Table]]></Field>
 <Field name="RefObjFQType" type="java.lang.String"><![CDATA[SNP_KMTEMPLATE]]></Field>
 <Field name="RefObjFQNameLengths" type="java.lang.String"><![CDATA[5]]></Field>
</Object>
<Object class="com.sunopsis.dwg.dbobj.SnpFKXRef">
		<Field name="RefKey" type="java.lang.String"><![CDATA[SNP_KMTEMPLATE.183]]></Field>
	<Field name="RefObjGlobalId" type="java.lang.String"><![CDATA[fa46ee06-2d00-11e6-9434-00163e1ffd72]]></Field>
 <Field name="RefObjFQName" type="java.lang.String"><![CDATA[CreateTable]]></Field>
 <Field name="RefObjFQType" type="java.lang.String"><![CDATA[SNP_KMTEMPLATE]]></Field>
 <Field name="RefObjFQNameLengths" type="java.lang.String"><![CDATA[11]]></Field>
</Object>
<Object class="com.sunopsis.dwg.dbobj.SnpFKXRef">
		<Field name="RefKey" type="java.lang.String"><![CDATA[SNP_KMTEMPLATE.37]]></Field>
	<Field name="RefObjGlobalId" type="java.lang.String"><![CDATA[fa46d8e4-2d00-11e6-93c8-00163e1ffd72]]></Field>
 <Field name="RefObjFQName" type="java.lang.String"><![CDATA[TableFunctionReference]]></Field>
 <Field name="RefObjFQType" type="java.lang.String"><![CDATA[SNP_KMTEMPLATE]]></Field>
 <Field name="RefObjFQNameLengths" type="java.lang.String"><![CDATA[22]]></Field>
</Object>
<Object class="com.sunopsis.dwg.dbobj.SnpFKXRef">
		<Field name="RefKey" type="java.lang.String"><![CDATA[SNP_KMTEMPLATE.186]]></Field>
	<Field name="RefObjGlobalId" type="java.lang.String"><![CDATA[d6adac9f-1454-408b-b609-0d4682643358]]></Field>
 <Field name="RefObjFQName" type="java.lang.String"><![CDATA[DropTable]]></Field>
 <Field name="RefObjFQType" type="java.lang.String"><![CDATA[SNP_KMTEMPLATE]]></Field>
 <Field name="RefObjFQNameLengths" type="java.lang.String"><![CDATA[9]]></Field>
</Object>
<Object class="com.sunopsis.dwg.dbobj.SnpFKXRef">
		<Field name="RefKey" type="java.lang.String"><![CDATA[SNP_KMTEMPLATE.30]]></Field>
	<Field name="RefObjGlobalId" type="java.lang.String"><![CDATA[c4633cfe-e55c-4fc2-8556-c2a8de93b01c]]></Field>
 <Field name="RefObjFQName" type="java.lang.String"><![CDATA[SourceMapAttribute]]></Field>
 <Field name="RefObjFQType" type="java.lang.String"><![CDATA[SNP_KMTEMPLATE]]></Field>
 <Field name="RefObjFQNameLengths" type="java.lang.String"><![CDATA[18]]></Field>
</Object>
<Object class="com.sunopsis.dwg.dbobj.SnpFKXRef">
		<Field name="RefKey" type="java.lang.String"><![CDATA[SNP_KMTEMPLATE.1]]></Field>
	<Field name="RefObjGlobalId" type="java.lang.String"><![CDATA[fa46d13c-2d00-11e6-93ac-00163e1ffd72]]></Field>
 <Field name="RefObjFQName" type="java.lang.String"><![CDATA[SqlQuery]]></Field>
 <Field name="RefObjFQType" type="java.lang.String"><![CDATA[SNP_KMTEMPLATE]]></Field>
 <Field name="RefObjFQNameLengths" type="java.lang.String"><![CDATA[8]]></Field>
</Object>
<Object class="com.sunopsis.dwg.dbobj.SnpFKXRef">
		<Field name="RefKey" type="java.lang.String"><![CDATA[SNP_KMTEMPLATE.202]]></Field>
	<Field name="RefObjGlobalId" type="java.lang.String"><![CDATA[fa46f0ae-2d00-11e6-9443-00163e1ffd72]]></Field>
 <Field name="RefObjFQName" type="java.lang.String"><![CDATA[PrepareHiveSessionTarget]]></Field>
 <Field name="RefObjFQType" type="java.lang.String"><![CDATA[SNP_KMTEMPLATE]]></Field>
 <Field name="RefObjFQNameLengths" type="java.lang.String"><![CDATA[24]]></Field>
</Object>
<Object class="com.sunopsis.dwg.DwgExportSummary">
		<Field name="ExpTxtNb" type="com.sunopsis.sql.DbInt"><![CDATA[0]]></Field>
	<Field name="InstObjNb" type="com.sunopsis.sql.DbInt"><![CDATA[0]]></Field>
	<Field name="JoinColNb" type="com.sunopsis.sql.DbInt"><![CDATA[0]]></Field>
	<Field name="JoinNb" type="com.sunopsis.sql.DbInt"><![CDATA[0]]></Field>
	<Field name="KeyColNb" type="com.sunopsis.sql.DbInt"><![CDATA[0]]></Field>
	<Field name="KeyNb" type="com.sunopsis.sql.DbInt"><![CDATA[0]]></Field>
	<Field name="LinkDiagNb" type="com.sunopsis.sql.DbInt"><![CDATA[0]]></Field>
	<Field name="MorigTxtNb" type="com.sunopsis.sql.DbInt"><![CDATA[0]]></Field>
	<Field name="MtxtNb" type="com.sunopsis.sql.DbInt"><![CDATA[0]]></Field>
	<Field name="OrigTxtNb" type="com.sunopsis.sql.DbInt"><![CDATA[8]]></Field>
	<Field name="OtherObjectsNb" type="com.sunopsis.sql.DbInt"><![CDATA[19]]></Field>
	<Field name="PlanAgentNb" type="com.sunopsis.sql.DbInt"><![CDATA[0]]></Field>
	<Field name="StepNb" type="com.sunopsis.sql.DbInt"><![CDATA[0]]></Field>
	<Field name="TxtNb" type="com.sunopsis.sql.DbInt"><![CDATA[8]]></Field>
	<Field name="UeOrigNb" type="com.sunopsis.sql.DbInt"><![CDATA[0]]></Field>
	<Field name="UeUsedNb" type="com.sunopsis.sql.DbInt"><![CDATA[0]]></Field>
	<Field name="VarPlanAgentNb" type="com.sunopsis.sql.DbInt"><![CDATA[0]]></Field>
	<Field name="ScenTxtNb" type="com.sunopsis.sql.DbInt"><![CDATA[0]]></Field>
	<Field name="OdiVersion" type="java.lang.String"><![CDATA[12.2.1]]></Field>
	<Field name="OriginRepositoryID" type="com.sunopsis.sql.DbInt"><![CDATA[11]]></Field>
	<Field name="RepositoryVersion" type="java.lang.String"><![CDATA[05.02.02.09]]></Field>
</Object>
</SunopsisExport>
