<?xml version="1.0" encoding="UTF-8"?>
<SunopsisExport>
<Admin RepositoryVersion="05.02.02.09" IsLegacyIdCompatible="false" />
<Encryption algorithm="AES" keyLength="128" exportKeyHash="SZ03axuxZblK+HIURECn0oc2Fo2xhYWY4D+vsYC5WGU=" keyVect="sxCmUGYkh5KAmbBcQgoxRQ==" exportKeySalt="9095bf41-3fb7-492a-be27-9476d5254cf7" containsCipherText="false"/>
<Object class="com.sunopsis.dwg.dbobj.SnpKmTemplate">
		<Field name="FirstDate" type="java.sql.Timestamp"><![CDATA[2021-08-27 16:25:16.0]]></Field>
	<Field name="FirstUser" type="java.lang.String"><![CDATA[SUNOPSIS_INSTALL]]></Field>
	<Field name="GlobalId" type="java.lang.String"><![CDATA[fa46f27a-2d00-11e6-944f-00163e1ffd72]]></Field>
	<Field name="IndChange" type="java.lang.String"><![CDATA[I]]></Field>
	<Field name="IndIsSeeded" type="java.lang.String"><![CDATA[1]]></Field>
	<Field name="IndLangTrans" type="java.lang.String"><![CDATA[1]]></Field>
	<Field name="IndReplNl" type="java.lang.String"><![CDATA[1]]></Field>
	<Field name="IntVersion" type="com.sunopsis.sql.DbInt"><![CDATA[1]]></Field>
	<Field name="IKmTemplate" type="com.sunopsis.sql.DbInt"><![CDATA[216]]></Field>
	<Field name="LangName" type="java.lang.String">null</Field>
	<Field name="LastDate" type="java.sql.Timestamp"><![CDATA[2021-08-27 16:25:16.0]]></Field>
	<Field name="LastUser" type="java.lang.String"><![CDATA[SUNOPSIS_INSTALL]]></Field>
	<Field name="Name" type="java.lang.String"><![CDATA[LkmToOracleOlh_CreateOlhScript]]></Field>
	<Field name="TechnoName" type="java.lang.String"><![CDATA[ORACLE]]></Field>
	<Field name="TemplateText" type="java.lang.String"><![CDATA[OdiOutFile "-FILE=<?=confFileNameLocal?>" "-CHARSET_ENCODING=UTF-8"
<<$$>?xml version="1.0" encoding="UTF-8"?<$$>>
<configuration>
	<property>
		<name>oracle.hadoop.loader.jobName</name>
		<value>OLH job for ODI Session <?=odiRef.getStep("SESS_GUID")?> Step <?=odiRef.getStep("NNO")?></value>
		<description> A Hadoop job name for this Oracle loader job. Used as input for the Job.setJobName() method. </description>
	</property>

<!-- =================== -->
<!-- InputFormat Section -->
<!-- =================== -->
{# IF ( $[option_OVERRIDE_INPUTFORMAT.length()] > '0' ) #}
	<property>
		<name>mapreduce.inputformat.class</name>
		<value>$[option_OVERRIDE_INPUTFORMAT]</value>
		<description> Name of the class implementing InputFormat </description>
	</property>
	<property>
		<name>mapred.input.dir</name>
		<value>$[mapredInputDir]</value>
	</property>
	<property>
		<name>oracle.hadoop.loader.input.fieldNames</name>
		<value>$[fieldNames]</value>
		<description> optional list of column names </description>
	</property>

{# ELSIF ( $[isFromHive] == 'true' ) #}	
	<property>
		<name>mapreduce.inputformat.class</name>
		<value>oracle.hadoop.loader.lib.input.HiveToAvroInputFormat</value>
		<description> Name of the class implementing InputFormat </description>
	</property>
	<property>
		<name>oracle.hadoop.loader.input.hive.databaseName</name>
		<value>$[hiveDatabase]</value>
		<description> Hive database name </description>
	</property>
	<property>
		<name>oracle.hadoop.loader.input.hive.tableName</name>
		<value>$[unqualifiedHiveTableName]</value>
		<description> Name of the Hive source table </description>
	</property>
	<property>
		<name>hive.metastore.uris</name>
		<value>$[hiveMetastoreUris]</value>
		<description> List of all URIs for the Hive metastore </description>
	</property>
	<property>
		<name>hive.metastore.local</name>
		<value>false</value>
		<description> Using an embedded metastore? </description>
	</property>
	
{# ELSIF ( $[isFromFile] == 'true' ) #}
	<property>
		<name>mapred.input.dir</name>
		<value>$[mapredInputDir]</value>
	</property>
	<property>
		<name>mapreduce.inputformat.class</name>
		<value>$[inputFormatClass]</value>
		<description> Name of the class implementing InputFormat </description>
	</property>
	<property>
		<name>oracle.hadoop.loader.input.fieldNames</name>
		<value>$[fieldNames]</value>
		<description> optional list of column names </description>
	</property>
	
{# IF ( $[isDelimitedSourceFile] == 'true' ) #}<? /* Properties for delimited files: */ ?>
	<property>
		<name>oracle.hadoop.loader.input.fieldTerminator</name>
		<value>$[fieldTerminator]</value>
		<description> column separator </description>
	</property>
	<property>
		<name>oracle.hadoop.loader.input.initialFieldEncloser</name>
		<value>$[initialFieldEncloser]</value>
		<description> start string delimiter </description>
	</property>
	<property>
		<name>oracle.hadoop.loader.input.trailingFieldEncloser</name>
		<value>$[trailingFieldEncloser]</value>
		<description> end string delimiter </description>
	</property>

{# ELSE #}<? /* Properties for fixed len files: */ ?>
	<property>
		<name>oracle.hadoop.loader.input.regexPattern</name>
		<value>$[regexPattern]</value>
		<description> column separator </description>
	</property>
 	<property>
		<name>oracle.hadoop.loader.input.regexCaseInsensitive</name>
		<value>false</value>
		<description>
			Directs the pattern matching to be case insensitive.
			Same as org.apache.hadoop.hive.contrib.serde2.RegexSerDe's
			"input.regex.case.insensitive" property.
		</description>
	</property>
{# ENDIF #}

{# ENDIF #}

 	<property>
		<name>oracle.hadoop.loader.rejectLimit</name>
		<value>$[rejectLimit]</value>
	</property>

<!-- =================== -->
<!-- OutputFormat Section -->
<!-- =================== -->
{# IF ( $[isOutputModeJDBC] == 'true' ) #}
	<property>
		<name>mapreduce.job.outputformat.class</name>
		<value>oracle.hadoop.loader.lib.output.JDBCOutputFormat</value>
		<description> Output mode after the loader job executes on Hadoop </description>
	</property>

{# ELSIF ( $[isOutputModeOCI] == 'true' ) #}
	<property>
		<name>mapreduce.job.outputformat.class</name>
		<value>oracle.hadoop.loader.lib.output.OCIOutputFormat</value>
		<description> Output mode after the loader job executes on Hadoop </description>
	</property>

{# ELSIF ( $[isOutputModeDP] == 'true' ) #}
	<property>
		<name>mapreduce.job.outputformat.class</name>
		<value>oracle.hadoop.loader.lib.output.DataPumpOutputFormat</value>
		<description> Output mode after the loader job executes on Hadoop </description>
	</property>
{# ENDIF #}
	<property>
		<name>mapreduce.output.fileoutputformat.outputdir</name>
		<value><?=mapredOutputDir?></value>
	</property>


<!-- ===================== -->
<!-- Oracle target Section -->
<!-- ===================== -->
	<property>
		<name>oracle.hadoop.loader.loaderMap.targetTable</name>
		<value>$[oracleTableName]</value>
	</property>
	<property>
		<name>oracle.hadoop.loader.loaderMap.columnNames</name>
		<value>$[oracleColumnNames]</value>
	</property>
{# FOR ($[olhColumnNameList],$[olhFieldNameList],$[olhFieldFormatList]) IN ($[COL_NAME],$[FIELD_NAME],$[FIELD_FORMAT]) SEP = '0x000A' #}
	<property>
		<name>oracle.hadoop.loader.loaderMap.$[COL_NAME].field</name>
		<value>$[FIELD_NAME]</value>
	</property>
	<property>
		<name>oracle.hadoop.loader.loaderMap.$[COL_NAME].format</name>
		<value>$[FIELD_FORMAT]</value>
	</property>
{# ENDFOR #}

<!-- ========================= -->
<!-- Oracle Connection Section -->
<!-- ========================= -->
	<property>
		<name>oracle.hadoop.loader.connection.user</name>
		<value>$[destUserName]</value>
		<description> Name of the user connecting to the database</description>
	</property>
	<property>
		<name>oracle.hadoop.loader.connection.password</name>
		<value>$[destPassword]</value>
		<description> Password of the user connecting to the database</description>
	</property>
	<property>
		<name>oracle.hadoop.loader.connection.url</name>
		<value>$[destJavaUrl]</value>
		<description> Database connection string </description>
	</property>

{# IF ( $[option_EXTRA_OLH_CONF_PROPERTIES.length()] > '0' ) #}
<!-- =================== -->
<!-- Custom Properties   -->
<!-- =================== -->
$[option_EXTRA_OLH_CONF_PROPERTIES]
{# ENDIF #}

</configuration>

 ]]></Field>
	<Field name="TemplateVersion" type="java.lang.String">null</Field>
</Object>
<Object class="com.sunopsis.dwg.dbobj.SnpKmTemplateJoin">
		<Field name="GlobalId" type="java.lang.String"><![CDATA[aba74e00-2aea-4e20-b6bf-6f84905acdc1]]></Field>
	<Field name="ISnpKmTemplate" type="com.sunopsis.sql.DbInt"><![CDATA[216]]></Field>
	<Field name="ISnpTrt" type="com.sunopsis.sql.DbInt"><![CDATA[80]]></Field>
</Object>
<Object class="com.sunopsis.dwg.dbobj.SnpKmTemplateJoin">
		<Field name="GlobalId" type="java.lang.String"><![CDATA[4a05c90a-22eb-4a4b-a218-1fa6bad78c8e]]></Field>
	<Field name="ISnpKmTemplate" type="com.sunopsis.sql.DbInt"><![CDATA[216]]></Field>
	<Field name="ISnpTrt" type="com.sunopsis.sql.DbInt"><![CDATA[76]]></Field>
</Object>
<Object class="com.sunopsis.dwg.dbobj.SnpKmTemplateJoin">
		<Field name="GlobalId" type="java.lang.String"><![CDATA[aaddf7c3-bcf9-4d85-8463-5e204a95f465]]></Field>
	<Field name="ISnpKmTemplate" type="com.sunopsis.sql.DbInt"><![CDATA[216]]></Field>
	<Field name="ISnpTrt" type="com.sunopsis.sql.DbInt"><![CDATA[79]]></Field>
</Object>
<Object class="com.sunopsis.dwg.dbobj.SnpKmTemplateJoin">
		<Field name="GlobalId" type="java.lang.String"><![CDATA[452e4a04-315f-428e-b223-1a80de939cbc]]></Field>
	<Field name="ISnpKmTemplate" type="com.sunopsis.sql.DbInt"><![CDATA[216]]></Field>
	<Field name="ISnpTrt" type="com.sunopsis.sql.DbInt"><![CDATA[77]]></Field>
</Object>
<Object class="com.sunopsis.dwg.dbobj.SnpKmTemplateJoin">
		<Field name="GlobalId" type="java.lang.String"><![CDATA[cec0073b-a5a2-46f6-9f4a-cbbbd31b622d]]></Field>
	<Field name="ISnpKmTemplate" type="com.sunopsis.sql.DbInt"><![CDATA[216]]></Field>
	<Field name="ISnpTrt" type="com.sunopsis.sql.DbInt"><![CDATA[78]]></Field>
</Object>
<Object class="com.sunopsis.dwg.dbobj.SnpFKXRef">
		<Field name="RefKey" type="java.lang.String"><![CDATA[SNP_TRT.80]]></Field>
	<Field name="RefObjGlobalId" type="java.lang.String"><![CDATA[01726A6DA1E95467E05311C1E40A20FC]]></Field>
 <Field name="RefObjFQName" type="java.lang.String"><![CDATA[LKM Hive to Oracle OLH-OSCH Direct]]></Field>
 <Field name="RefObjFQType" type="java.lang.String"><![CDATA[SNP_TRT]]></Field>
 <Field name="RefObjFQNameLengths" type="java.lang.String"><![CDATA[34]]></Field>
</Object>
<Object class="com.sunopsis.dwg.dbobj.SnpFKXRef">
		<Field name="RefKey" type="java.lang.String"><![CDATA[SNP_KMTEMPLATE.216]]></Field>
	<Field name="RefObjGlobalId" type="java.lang.String"><![CDATA[fa46f27a-2d00-11e6-944f-00163e1ffd72]]></Field>
 <Field name="RefObjFQName" type="java.lang.String"><![CDATA[LkmToOracleOlh_CreateOlhScript]]></Field>
 <Field name="RefObjFQType" type="java.lang.String"><![CDATA[SNP_KMTEMPLATE]]></Field>
 <Field name="RefObjFQNameLengths" type="java.lang.String"><![CDATA[30]]></Field>
</Object>
<Object class="com.sunopsis.dwg.dbobj.SnpFKXRef">
		<Field name="RefKey" type="java.lang.String"><![CDATA[SNP_TRT.76]]></Field>
	<Field name="RefObjGlobalId" type="java.lang.String"><![CDATA[00E79371AF8345CBE05311C1E40A3FBF]]></Field>
 <Field name="RefObjFQName" type="java.lang.String"><![CDATA[HiveOlhBaseLKM]]></Field>
 <Field name="RefObjFQType" type="java.lang.String"><![CDATA[SNP_TRT]]></Field>
 <Field name="RefObjFQNameLengths" type="java.lang.String"><![CDATA[14]]></Field>
</Object>
<Object class="com.sunopsis.dwg.dbobj.SnpFKXRef">
		<Field name="RefKey" type="java.lang.String"><![CDATA[SNP_TRT.79]]></Field>
	<Field name="RefObjGlobalId" type="java.lang.String"><![CDATA[01726A6DA1E65467E05311C1E40A20FC]]></Field>
 <Field name="RefObjFQName" type="java.lang.String"><![CDATA[LKM Hive to Oracle OLH-OSCH]]></Field>
 <Field name="RefObjFQType" type="java.lang.String"><![CDATA[SNP_TRT]]></Field>
 <Field name="RefObjFQNameLengths" type="java.lang.String"><![CDATA[27]]></Field>
</Object>
<Object class="com.sunopsis.dwg.dbobj.SnpFKXRef">
		<Field name="RefKey" type="java.lang.String"><![CDATA[SNP_TRT.77]]></Field>
	<Field name="RefObjGlobalId" type="java.lang.String"><![CDATA[00E79371AF8545CBE05311C1E40A3FBF]]></Field>
 <Field name="RefObjFQName" type="java.lang.String"><![CDATA[LKM File to Oracle OLH-OSCH]]></Field>
 <Field name="RefObjFQType" type="java.lang.String"><![CDATA[SNP_TRT]]></Field>
 <Field name="RefObjFQNameLengths" type="java.lang.String"><![CDATA[27]]></Field>
</Object>
<Object class="com.sunopsis.dwg.dbobj.SnpFKXRef">
		<Field name="RefKey" type="java.lang.String"><![CDATA[SNP_TRT.78]]></Field>
	<Field name="RefObjGlobalId" type="java.lang.String"><![CDATA[00E79371AF8745CBE05311C1E40A3FBF]]></Field>
 <Field name="RefObjFQName" type="java.lang.String"><![CDATA[LKM File to Oracle OLH-OSCH Direct]]></Field>
 <Field name="RefObjFQType" type="java.lang.String"><![CDATA[SNP_TRT]]></Field>
 <Field name="RefObjFQNameLengths" type="java.lang.String"><![CDATA[34]]></Field>
</Object>
<Object class="com.sunopsis.dwg.DwgExportSummary">
		<Field name="ExpTxtNb" type="com.sunopsis.sql.DbInt"><![CDATA[0]]></Field>
	<Field name="InstObjNb" type="com.sunopsis.sql.DbInt"><![CDATA[0]]></Field>
	<Field name="JoinColNb" type="com.sunopsis.sql.DbInt"><![CDATA[0]]></Field>
	<Field name="JoinNb" type="com.sunopsis.sql.DbInt"><![CDATA[0]]></Field>
	<Field name="KeyColNb" type="com.sunopsis.sql.DbInt"><![CDATA[0]]></Field>
	<Field name="KeyNb" type="com.sunopsis.sql.DbInt"><![CDATA[0]]></Field>
	<Field name="LinkDiagNb" type="com.sunopsis.sql.DbInt"><![CDATA[0]]></Field>
	<Field name="MorigTxtNb" type="com.sunopsis.sql.DbInt"><![CDATA[0]]></Field>
	<Field name="MtxtNb" type="com.sunopsis.sql.DbInt"><![CDATA[0]]></Field>
	<Field name="OrigTxtNb" type="com.sunopsis.sql.DbInt"><![CDATA[0]]></Field>
	<Field name="OtherObjectsNb" type="com.sunopsis.sql.DbInt"><![CDATA[6]]></Field>
	<Field name="PlanAgentNb" type="com.sunopsis.sql.DbInt"><![CDATA[0]]></Field>
	<Field name="StepNb" type="com.sunopsis.sql.DbInt"><![CDATA[0]]></Field>
	<Field name="TxtNb" type="com.sunopsis.sql.DbInt"><![CDATA[0]]></Field>
	<Field name="UeOrigNb" type="com.sunopsis.sql.DbInt"><![CDATA[0]]></Field>
	<Field name="UeUsedNb" type="com.sunopsis.sql.DbInt"><![CDATA[0]]></Field>
	<Field name="VarPlanAgentNb" type="com.sunopsis.sql.DbInt"><![CDATA[0]]></Field>
	<Field name="ScenTxtNb" type="com.sunopsis.sql.DbInt"><![CDATA[0]]></Field>
	<Field name="OdiVersion" type="java.lang.String"><![CDATA[12.2.1]]></Field>
	<Field name="OriginRepositoryID" type="com.sunopsis.sql.DbInt"><![CDATA[11]]></Field>
	<Field name="RepositoryVersion" type="java.lang.String"><![CDATA[05.02.02.09]]></Field>
</Object>
</SunopsisExport>
