<?xml version="1.0" encoding="UTF-8"?>
<SunopsisExport>
<Admin RepositoryVersion="05.02.02.09" IsLegacyIdCompatible="false" />
<Encryption algorithm="AES" keyLength="128" exportKeyHash="/6+HMkNdrMCWBP7P7VG0V2MOB8gDruXK0aCkVrDxE04=" keyVect="s8/IZnyhJSk5q2erV9agag==" exportKeySalt="068e1d57-d4a9-43bc-b0c5-34de438ceadb" containsCipherText="false"/>
<Object class="com.sunopsis.dwg.dbobj.SnpScen">
		<Field name="CecSessBehavior" type="java.lang.String">null</Field>
	<Field name="CecSessPollIntv" type="com.sunopsis.sql.DbInt"><![CDATA[null]]></Field>
	<Field name="ExtVersion" type="java.lang.String">null</Field>
	<Field name="FirstDate" type="java.sql.Timestamp"><![CDATA[2023-09-01 17:08:27.0]]></Field>
	<Field name="FirstUser" type="java.lang.String"><![CDATA[SUPERVISOR]]></Field>
	<Field name="GlobalId" type="java.lang.String"><![CDATA[ae4cce79-d9d1-42f5-87f7-e79a5f821de6]]></Field>
	<Field name="IndChange" type="java.lang.String"><![CDATA[I]]></Field>
	<Field name="IndPromptParam" type="java.lang.String"><![CDATA[1]]></Field>
	<Field name="IntVersion" type="com.sunopsis.sql.DbInt"><![CDATA[1]]></Field>
	<Field name="IsMaterialized" type="java.lang.String"><![CDATA[0]]></Field>
	<Field name="IDeploySpec" type="com.sunopsis.sql.DbInt"><![CDATA[null]]></Field>
	<Field name="IMapping" type="com.sunopsis.sql.DbInt"><![CDATA[null]]></Field>
	<Field name="IPackage" type="com.sunopsis.sql.DbInt"><![CDATA[null]]></Field>
	<Field name="IPop" type="com.sunopsis.sql.DbInt"><![CDATA[null]]></Field>
	<Field name="IScenFolder" type="com.sunopsis.sql.DbInt"><![CDATA[null]]></Field>
	<Field name="ITrt" type="com.sunopsis.sql.DbInt"><![CDATA[338]]></Field>
	<Field name="ITxtScen" type="com.sunopsis.sql.DbInt"><![CDATA[null]]></Field>
	<Field name="IVar" type="com.sunopsis.sql.DbInt"><![CDATA[null]]></Field>
	<Field name="LastDate" type="java.sql.Timestamp"><![CDATA[2023-09-01 17:08:27.0]]></Field>
	<Field name="LastUser" type="java.lang.String"><![CDATA[SUPERVISOR]]></Field>
	<Field name="MaxCecSess" type="com.sunopsis.sql.DbInt"><![CDATA[null]]></Field>
	<Field name="RepGuid" type="java.lang.String">null</Field>
	<Field name="RepVersion" type="java.lang.String">null</Field>
	<Field name="RestartType" type="java.lang.String">null</Field>
	<Field name="ScenName" type="java.lang.String"><![CDATA[SYN_FROM_JSON]]></Field>
	<Field name="ScenNo" type="com.sunopsis.sql.DbInt"><![CDATA[173]]></Field>
	<Field name="ScenSnapshotNo" type="com.sunopsis.sql.DbInt"><![CDATA[1]]></Field>
	<Field name="ScenVersion" type="java.lang.String"><![CDATA[001]]></Field>
	<Field name="VLastDate" type="java.sql.Timestamp">null</Field>
</Object>
<Object class="com.sunopsis.dwg.dbobj.SnpScenStep">
		<Field name="BrpId" type="com.sunopsis.sql.DbInt"><![CDATA[null]]></Field>
	<Field name="CleanupOnError" type="java.lang.String"><![CDATA[0]]></Field>
	<Field name="ContextCode" type="java.lang.String">null</Field>
	<Field name="FContextCode" type="java.lang.String">null</Field>
	<Field name="GenInfo" type="java.lang.String">null</Field>
	<Field name="GlobalId" type="java.lang.String"><![CDATA[20836834-f806-4f8f-b5af-5aa0fe150c95]]></Field>
	<Field name="IndLogMethod" type="java.lang.String"><![CDATA[Y]]></Field>
	<Field name="ITxtVarValue" type="com.sunopsis.sql.DbInt"><![CDATA[null]]></Field>
	<Field name="JagentLschemaName" type="java.lang.String">null</Field>
	<Field name="KoExit" type="java.lang.String"><![CDATA[1]]></Field>
	<Field name="KoExitCode" type="java.lang.String">null</Field>
	<Field name="KoNextStep" type="com.sunopsis.sql.DbInt"><![CDATA[null]]></Field>
	<Field name="KoRetry" type="com.sunopsis.sql.DbInt"><![CDATA[null]]></Field>
	<Field name="KoRetryInterv" type="com.sunopsis.sql.DbInt"><![CDATA[null]]></Field>
	<Field name="LschemaName" type="java.lang.String">null</Field>
	<Field name="MaxErr" type="com.sunopsis.sql.DbInt"><![CDATA[null]]></Field>
	<Field name="MaxErrPrct" type="java.lang.String">null</Field>
	<Field name="ModCode" type="java.lang.String">null</Field>
	<Field name="Nno" type="com.sunopsis.sql.DbInt"><![CDATA[1]]></Field>
	<Field name="OkExit" type="java.lang.String"><![CDATA[1]]></Field>
	<Field name="OkExitCode" type="java.lang.String"><![CDATA[0]]></Field>
	<Field name="OkNextStep" type="com.sunopsis.sql.DbInt"><![CDATA[null]]></Field>
	<Field name="ResName" type="java.lang.String">null</Field>
	<Field name="ScenNo" type="com.sunopsis.sql.DbInt"><![CDATA[173]]></Field>
	<Field name="StepName" type="java.lang.String"><![CDATA[SYN_FROM_JSON]]></Field>
	<Field name="StepType" type="java.lang.String"><![CDATA[T]]></Field>
	<Field name="TableName" type="java.lang.String">null</Field>
	<Field name="VarIncr" type="com.sunopsis.sql.DbInt"><![CDATA[null]]></Field>
	<Field name="VarLongValue" type="java.lang.String">null</Field>
	<Field name="VarName" type="java.lang.String">null</Field>
	<Field name="VarOp" type="java.lang.String">null</Field>
</Object>
<Object class="com.sunopsis.dwg.dbobj.SnpScenTask">
		<Field name="BrpId" type="com.sunopsis.sql.DbInt"><![CDATA[null]]></Field>
	<Field name="ColConnectId" type="java.lang.String">null</Field>
	<Field name="ColContextCode" type="java.lang.String">null</Field>
	<Field name="ColEncKey" type="java.lang.String">null</Field>
	<Field name="ColEncKeyVect" type="java.lang.String">null</Field>
	<Field name="ColIndCommit" type="java.lang.String">null</Field>
	<Field name="ColIndEnc" type="java.lang.String">null</Field>
	<Field name="ColIsolLevel" type="java.lang.String">null</Field>
	<Field name="ColLschemaName" type="java.lang.String">null</Field>
	<Field name="ColTechIntName" type="java.lang.String">null</Field>
	<Field name="ColTxt" type="java.lang.String">null</Field>
	<Field name="DefConnectId" type="java.lang.String">null</Field>
	<Field name="DefContextCode" type="java.lang.String">null</Field>
	<Field name="DefEncKey" type="java.lang.String">null</Field>
	<Field name="DefEncKeyVect" type="java.lang.String">null</Field>
	<Field name="DefIndCommit" type="java.lang.String">null</Field>
	<Field name="DefIndEnc" type="java.lang.String">null</Field>
	<Field name="DefIsolLevel" type="java.lang.String">null</Field>
	<Field name="DefLschemaName" type="java.lang.String"><![CDATA[JSON_LOAD]]></Field>
	<Field name="DefTechIntName" type="java.lang.String"><![CDATA[COMPLEX_FILE]]></Field>
	<Field name="DefTxt" type="java.lang.String"><![CDATA[SYNCHRONIZE FROM FILE]]></Field>
	<Field name="ExeChannel" type="java.lang.String"><![CDATA[J]]></Field>
	<Field name="GlobalId" type="java.lang.String"><![CDATA[06c19746-29fa-4728-a9fe-2b7c0cf74471]]></Field>
	<Field name="IndErr" type="java.lang.String"><![CDATA[0]]></Field>
	<Field name="IndLogFinalCmd" type="java.lang.String"><![CDATA[0]]></Field>
	<Field name="IndLogMethod" type="java.lang.String">null</Field>
	<Field name="IndLogNb" type="java.lang.String">null</Field>
	<Field name="LogLevDet" type="java.lang.String"><![CDATA[3]]></Field>
	<Field name="MapTaskType" type="java.lang.String"><![CDATA[EM]]></Field>
	<Field name="Nno" type="com.sunopsis.sql.DbInt"><![CDATA[1]]></Field>
	<Field name="OrdTrt" type="com.sunopsis.sql.DbInt"><![CDATA[10]]></Field>
	<Field name="ParScenTaskNo" type="com.sunopsis.sql.DbInt"><![CDATA[null]]></Field>
	<Field name="ScenNo" type="com.sunopsis.sql.DbInt"><![CDATA[173]]></Field>
	<Field name="ScenTaskNo" type="com.sunopsis.sql.DbInt"><![CDATA[1]]></Field>
	<Field name="TaskName1" type="java.lang.String"><![CDATA[Procedure]]></Field>
	<Field name="TaskName2" type="java.lang.String"><![CDATA[SYN_FROM_JSON]]></Field>
	<Field name="TaskName3" type="java.lang.String"><![CDATA[<New Task>]]></Field>
	<Field name="TaskType" type="java.lang.String"><![CDATA[S]]></Field>
</Object>
<Object class="com.sunopsis.dwg.dbobj.SnpFKXRef">
		<Field name="RefKey" type="java.lang.String"><![CDATA[SNP_TRT.338]]></Field>
	<Field name="RefObjGlobalId" type="java.lang.String"><![CDATA[d724469e-4c0f-47c9-93d3-615a34f177e1]]></Field>
 <Field name="RefObjFQName" type="java.lang.String"><![CDATA[DEMO.SYN_FROM_JSON]]></Field>
 <Field name="RefObjFQType" type="java.lang.String"><![CDATA[SNP_PROJECT.SNP_TRT]]></Field>
 <Field name="RefObjFQNameLengths" type="java.lang.String"><![CDATA[4.13]]></Field>
</Object>
<Object class="com.sunopsis.dwg.dbobj.SnpFKXRef">
		<Field name="RefKey" type="java.lang.String"><![CDATA[SNP_SCEN.173]]></Field>
	<Field name="RefObjGlobalId" type="java.lang.String"><![CDATA[ae4cce79-d9d1-42f5-87f7-e79a5f821de6]]></Field>
 <Field name="RefObjFQName" type="java.lang.String"><![CDATA[DEMO.SYN_FROM_JSON.SYN_FROM_JSON Version 001]]></Field>
 <Field name="RefObjFQType" type="java.lang.String"><![CDATA[SNP_PROJECT.SNP_TRT.SNP_SCEN]]></Field>
 <Field name="RefObjFQNameLengths" type="java.lang.String"><![CDATA[4.13.25]]></Field>
</Object>
<Object class="com.sunopsis.dwg.dbobj.SnpFKXRef">
		<Field name="RefKey" type="java.lang.String"><![CDATA[SNP_SCENSTEP.173.1]]></Field>
	<Field name="RefObjGlobalId" type="java.lang.String"><![CDATA[20836834-f806-4f8f-b5af-5aa0fe150c95]]></Field>
 <Field name="RefObjFQName" type="java.lang.String">null</Field>
 <Field name="RefObjFQType" type="java.lang.String">null</Field>
 <Field name="RefObjFQNameLengths" type="java.lang.String">null</Field>
</Object>
<Object class="com.sunopsis.dwg.DwgExportSummary">
		<Field name="ExpTxtNb" type="com.sunopsis.sql.DbInt"><![CDATA[0]]></Field>
	<Field name="InstObjNb" type="com.sunopsis.sql.DbInt"><![CDATA[0]]></Field>
	<Field name="JoinColNb" type="com.sunopsis.sql.DbInt"><![CDATA[0]]></Field>
	<Field name="JoinNb" type="com.sunopsis.sql.DbInt"><![CDATA[0]]></Field>
	<Field name="KeyColNb" type="com.sunopsis.sql.DbInt"><![CDATA[0]]></Field>
	<Field name="KeyNb" type="com.sunopsis.sql.DbInt"><![CDATA[0]]></Field>
	<Field name="LinkDiagNb" type="com.sunopsis.sql.DbInt"><![CDATA[0]]></Field>
	<Field name="MorigTxtNb" type="com.sunopsis.sql.DbInt"><![CDATA[0]]></Field>
	<Field name="MtxtNb" type="com.sunopsis.sql.DbInt"><![CDATA[0]]></Field>
	<Field name="OrigTxtNb" type="com.sunopsis.sql.DbInt"><![CDATA[0]]></Field>
	<Field name="OtherObjectsNb" type="com.sunopsis.sql.DbInt"><![CDATA[3]]></Field>
	<Field name="PlanAgentNb" type="com.sunopsis.sql.DbInt"><![CDATA[0]]></Field>
	<Field name="StepNb" type="com.sunopsis.sql.DbInt"><![CDATA[0]]></Field>
	<Field name="TxtNb" type="com.sunopsis.sql.DbInt"><![CDATA[0]]></Field>
	<Field name="UeOrigNb" type="com.sunopsis.sql.DbInt"><![CDATA[0]]></Field>
	<Field name="UeUsedNb" type="com.sunopsis.sql.DbInt"><![CDATA[0]]></Field>
	<Field name="VarPlanAgentNb" type="com.sunopsis.sql.DbInt"><![CDATA[0]]></Field>
	<Field name="ScenTxtNb" type="com.sunopsis.sql.DbInt"><![CDATA[0]]></Field>
	<Field name="OdiVersion" type="java.lang.String"><![CDATA[12.2.1]]></Field>
	<Field name="OriginRepositoryID" type="com.sunopsis.sql.DbInt"><![CDATA[11]]></Field>
	<Field name="RepositoryVersion" type="java.lang.String"><![CDATA[05.02.02.09]]></Field>
</Object>
</SunopsisExport>
