<?xml version="1.0" encoding="UTF-8"?>
<SunopsisExport>
<Admin RepositoryVersion="05.02.02.09" IsLegacyIdCompatible="false" />
<Encryption algorithm="AES" keyLength="128" exportKeyHash="s4kcsFPb0xFVSRqZIDf66mSnJHhBs+SmMkEh6Y06n50=" keyVect="vZQeaurk/RUaRRUkzZTOZQ==" exportKeySalt="c8f8a3fb-3d65-4ee3-9c64-32d4f275093f" containsCipherText="false"/>
<Object class="com.sunopsis.dwg.dbobj.SnpObject">
		<Field name="ExtVersion" type="java.lang.String">null</Field>
	<Field name="FirstDate" type="java.sql.Timestamp"><![CDATA[2021-04-04 18:44:27.0]]></Field>
	<Field name="FirstUser" type="java.lang.String"><![CDATA[SUNOPSIS_INSTALL]]></Field>
	<Field name="GlobalId" type="java.lang.String"><![CDATA[ecfa050e-1aa4-3bfb-9201-66d8d42856fb]]></Field>
	<Field name="IndChange" type="java.lang.String"><![CDATA[I]]></Field>
	<Field name="IntJavaName" type="java.lang.String"><![CDATA[com.sunopsis.dwg.dbobj.SnpUser]]></Field>
	<Field name="IObjects" type="com.sunopsis.sql.DbInt"><![CDATA[300]]></Field>
	<Field name="LastDate" type="java.sql.Timestamp"><![CDATA[2021-04-04 18:44:27.0]]></Field>
	<Field name="LastUser" type="java.lang.String"><![CDATA[SUNOPSIS_INSTALL]]></Field>
	<Field name="ObjName" type="java.lang.String"><![CDATA[OBJ_SNPUSER_300]]></Field>
	<Field name="SecuPos" type="com.sunopsis.sql.DbInt"><![CDATA[50]]></Field>
</Object>
<Object class="com.sunopsis.dwg.dbobj.SnpMethod">
		<Field name="DispPopUp" type="java.lang.String"><![CDATA[1]]></Field>
	<Field name="FirstDate" type="java.sql.Timestamp"><![CDATA[2021-04-04 18:44:27.0]]></Field>
	<Field name="FirstUser" type="java.lang.String"><![CDATA[SUNOPSIS_INSTALL]]></Field>
	<Field name="GlobalId" type="java.lang.String"><![CDATA[fba9a377-0073-35b4-b57f-8afe9fbcc5de]]></Field>
	<Field name="GrantCreator" type="java.lang.String"><![CDATA[1]]></Field>
	<Field name="IndImp" type="java.lang.String">null</Field>
	<Field name="IndNew" type="java.lang.String"><![CDATA[0]]></Field>
	<Field name="IntJavaName" type="java.lang.String"><![CDATA[edit]]></Field>
	<Field name="IMeth" type="com.sunopsis.sql.DbInt"><![CDATA[900]]></Field>
	<Field name="IObjects" type="com.sunopsis.sql.DbInt"><![CDATA[300]]></Field>
	<Field name="LastDate" type="java.sql.Timestamp"><![CDATA[2021-04-04 18:44:27.0]]></Field>
	<Field name="LastUser" type="java.lang.String"><![CDATA[SUNOPSIS_INSTALL]]></Field>
	<Field name="Position" type="com.sunopsis.sql.DbInt"><![CDATA[10]]></Field>
	<Field name="ShortName" type="java.lang.String"><![CDATA[METH_EDIT_900]]></Field>
</Object>
<Object class="com.sunopsis.dwg.dbobj.SnpMethod">
		<Field name="DispPopUp" type="java.lang.String"><![CDATA[1]]></Field>
	<Field name="FirstDate" type="java.sql.Timestamp"><![CDATA[2021-04-04 18:44:27.0]]></Field>
	<Field name="FirstUser" type="java.lang.String"><![CDATA[SUNOPSIS_INSTALL]]></Field>
	<Field name="GlobalId" type="java.lang.String"><![CDATA[b462f807-b0a3-326e-b95d-58a358783c0a]]></Field>
	<Field name="GrantCreator" type="java.lang.String"><![CDATA[1]]></Field>
	<Field name="IndImp" type="java.lang.String">null</Field>
	<Field name="IndNew" type="java.lang.String"><![CDATA[0]]></Field>
	<Field name="IntJavaName" type="java.lang.String"><![CDATA[consult]]></Field>
	<Field name="IMeth" type="com.sunopsis.sql.DbInt"><![CDATA[1200]]></Field>
	<Field name="IObjects" type="com.sunopsis.sql.DbInt"><![CDATA[300]]></Field>
	<Field name="LastDate" type="java.sql.Timestamp"><![CDATA[2021-04-04 18:44:27.0]]></Field>
	<Field name="LastUser" type="java.lang.String"><![CDATA[SUNOPSIS_INSTALL]]></Field>
	<Field name="Position" type="com.sunopsis.sql.DbInt"><![CDATA[30]]></Field>
	<Field name="ShortName" type="java.lang.String"><![CDATA[METH_CONSULT_1200]]></Field>
</Object>
<Object class="com.sunopsis.dwg.dbobj.SnpMethod">
		<Field name="DispPopUp" type="java.lang.String"><![CDATA[1]]></Field>
	<Field name="FirstDate" type="java.sql.Timestamp"><![CDATA[2021-04-04 18:44:27.0]]></Field>
	<Field name="FirstUser" type="java.lang.String"><![CDATA[SUNOPSIS_INSTALL]]></Field>
	<Field name="GlobalId" type="java.lang.String"><![CDATA[60054c83-10ba-364f-b102-b806a28f1eef]]></Field>
	<Field name="GrantCreator" type="java.lang.String"><![CDATA[1]]></Field>
	<Field name="IndImp" type="java.lang.String">null</Field>
	<Field name="IndNew" type="java.lang.String"><![CDATA[1]]></Field>
	<Field name="IntJavaName" type="java.lang.String"><![CDATA[insert]]></Field>
	<Field name="IMeth" type="com.sunopsis.sql.DbInt"><![CDATA[1100]]></Field>
	<Field name="IObjects" type="com.sunopsis.sql.DbInt"><![CDATA[300]]></Field>
	<Field name="LastDate" type="java.sql.Timestamp"><![CDATA[2021-04-04 18:44:27.0]]></Field>
	<Field name="LastUser" type="java.lang.String"><![CDATA[SUNOPSIS_INSTALL]]></Field>
	<Field name="Position" type="com.sunopsis.sql.DbInt"><![CDATA[40]]></Field>
	<Field name="ShortName" type="java.lang.String"><![CDATA[METH_INSERT_1100]]></Field>
</Object>
<Object class="com.sunopsis.dwg.dbobj.SnpMethod">
		<Field name="DispPopUp" type="java.lang.String"><![CDATA[1]]></Field>
	<Field name="FirstDate" type="java.sql.Timestamp"><![CDATA[2021-04-04 18:44:27.0]]></Field>
	<Field name="FirstUser" type="java.lang.String"><![CDATA[SUNOPSIS_INSTALL]]></Field>
	<Field name="GlobalId" type="java.lang.String"><![CDATA[c02de1bb-01ba-39c8-9e16-5ef694a86628]]></Field>
	<Field name="GrantCreator" type="java.lang.String"><![CDATA[1]]></Field>
	<Field name="IndImp" type="java.lang.String">null</Field>
	<Field name="IndNew" type="java.lang.String"><![CDATA[0]]></Field>
	<Field name="IntJavaName" type="java.lang.String"><![CDATA[duplicate]]></Field>
	<Field name="IMeth" type="com.sunopsis.sql.DbInt"><![CDATA[26000]]></Field>
	<Field name="IObjects" type="com.sunopsis.sql.DbInt"><![CDATA[300]]></Field>
	<Field name="LastDate" type="java.sql.Timestamp"><![CDATA[2021-04-04 18:44:27.0]]></Field>
	<Field name="LastUser" type="java.lang.String"><![CDATA[SUNOPSIS_INSTALL]]></Field>
	<Field name="Position" type="com.sunopsis.sql.DbInt"><![CDATA[50]]></Field>
	<Field name="ShortName" type="java.lang.String"><![CDATA[METH_DUPLICATE_26000]]></Field>
</Object>
<Object class="com.sunopsis.dwg.dbobj.SnpMethod">
		<Field name="DispPopUp" type="java.lang.String"><![CDATA[1]]></Field>
	<Field name="FirstDate" type="java.sql.Timestamp"><![CDATA[2021-04-04 18:44:27.0]]></Field>
	<Field name="FirstUser" type="java.lang.String"><![CDATA[SUNOPSIS_INSTALL]]></Field>
	<Field name="GlobalId" type="java.lang.String"><![CDATA[fcf7f252-ff23-32ef-84d1-2cdfb0b8a499]]></Field>
	<Field name="GrantCreator" type="java.lang.String"><![CDATA[1]]></Field>
	<Field name="IndImp" type="java.lang.String">null</Field>
	<Field name="IndNew" type="java.lang.String"><![CDATA[0]]></Field>
	<Field name="IntJavaName" type="java.lang.String"><![CDATA[delete]]></Field>
	<Field name="IMeth" type="com.sunopsis.sql.DbInt"><![CDATA[1000]]></Field>
	<Field name="IObjects" type="com.sunopsis.sql.DbInt"><![CDATA[300]]></Field>
	<Field name="LastDate" type="java.sql.Timestamp"><![CDATA[2021-04-04 18:44:27.0]]></Field>
	<Field name="LastUser" type="java.lang.String"><![CDATA[SUNOPSIS_INSTALL]]></Field>
	<Field name="Position" type="com.sunopsis.sql.DbInt"><![CDATA[60]]></Field>
	<Field name="ShortName" type="java.lang.String"><![CDATA[METH_DELETE_1000]]></Field>
</Object>
<Object class="com.sunopsis.dwg.dbobj.SnpMethod">
		<Field name="DispPopUp" type="java.lang.String"><![CDATA[1]]></Field>
	<Field name="FirstDate" type="java.sql.Timestamp"><![CDATA[2021-04-04 18:44:27.0]]></Field>
	<Field name="FirstUser" type="java.lang.String"><![CDATA[SUNOPSIS_INSTALL]]></Field>
	<Field name="GlobalId" type="java.lang.String"><![CDATA[feda50e9-ec2e-4109-b4af-3aa9278bf877]]></Field>
	<Field name="GrantCreator" type="java.lang.String"><![CDATA[1]]></Field>
	<Field name="IndImp" type="java.lang.String">null</Field>
	<Field name="IndNew" type="java.lang.String"><![CDATA[0]]></Field>
	<Field name="IntJavaName" type="java.lang.String"><![CDATA[MergeConflict]]></Field>
	<Field name="IMeth" type="com.sunopsis.sql.DbInt"><![CDATA[102200]]></Field>
	<Field name="IObjects" type="com.sunopsis.sql.DbInt"><![CDATA[300]]></Field>
	<Field name="LastDate" type="java.sql.Timestamp"><![CDATA[2021-04-04 18:44:27.0]]></Field>
	<Field name="LastUser" type="java.lang.String"><![CDATA[SUNOPSIS_INSTALL]]></Field>
	<Field name="Position" type="com.sunopsis.sql.DbInt"><![CDATA[85]]></Field>
	<Field name="ShortName" type="java.lang.String"><![CDATA[METH_MERGE_CONFLICT_102200]]></Field>
</Object>
<Object class="com.sunopsis.dwg.dbobj.SnpMethod">
		<Field name="DispPopUp" type="java.lang.String"><![CDATA[1]]></Field>
	<Field name="FirstDate" type="java.sql.Timestamp"><![CDATA[2021-04-04 18:44:27.0]]></Field>
	<Field name="FirstUser" type="java.lang.String"><![CDATA[SUNOPSIS_INSTALL]]></Field>
	<Field name="GlobalId" type="java.lang.String"><![CDATA[9d62a41a-47fd-41d4-bff1-e2ae1d5dc9f4]]></Field>
	<Field name="GrantCreator" type="java.lang.String"><![CDATA[1]]></Field>
	<Field name="IndImp" type="java.lang.String">null</Field>
	<Field name="IndNew" type="java.lang.String"><![CDATA[0]]></Field>
	<Field name="IntJavaName" type="java.lang.String"><![CDATA[MergeFixed]]></Field>
	<Field name="IMeth" type="com.sunopsis.sql.DbInt"><![CDATA[105900]]></Field>
	<Field name="IObjects" type="com.sunopsis.sql.DbInt"><![CDATA[300]]></Field>
	<Field name="LastDate" type="java.sql.Timestamp"><![CDATA[2021-04-04 18:44:27.0]]></Field>
	<Field name="LastUser" type="java.lang.String"><![CDATA[SUNOPSIS_INSTALL]]></Field>
	<Field name="Position" type="com.sunopsis.sql.DbInt"><![CDATA[87]]></Field>
	<Field name="ShortName" type="java.lang.String"><![CDATA[METH_MERGE_FIXED_105900]]></Field>
</Object>
<Object class="com.sunopsis.dwg.dbobj.SnpMethod">
		<Field name="DispPopUp" type="java.lang.String"><![CDATA[1]]></Field>
	<Field name="FirstDate" type="java.sql.Timestamp"><![CDATA[2021-04-04 18:44:27.0]]></Field>
	<Field name="FirstUser" type="java.lang.String"><![CDATA[SUNOPSIS_INSTALL]]></Field>
	<Field name="GlobalId" type="java.lang.String"><![CDATA[a97d66db-29a5-42ce-95ab-168e03df3272]]></Field>
	<Field name="GrantCreator" type="java.lang.String"><![CDATA[1]]></Field>
	<Field name="IndImp" type="java.lang.String">null</Field>
	<Field name="IndNew" type="java.lang.String"><![CDATA[0]]></Field>
	<Field name="IntJavaName" type="java.lang.String"><![CDATA[addToVcs]]></Field>
	<Field name="IMeth" type="com.sunopsis.sql.DbInt"><![CDATA[69200]]></Field>
	<Field name="IObjects" type="com.sunopsis.sql.DbInt"><![CDATA[300]]></Field>
	<Field name="LastDate" type="java.sql.Timestamp"><![CDATA[2021-04-04 18:44:27.0]]></Field>
	<Field name="LastUser" type="java.lang.String"><![CDATA[SUNOPSIS_INSTALL]]></Field>
	<Field name="Position" type="com.sunopsis.sql.DbInt"><![CDATA[710]]></Field>
	<Field name="ShortName" type="java.lang.String"><![CDATA[METH_ADD_TO_VCS_69200]]></Field>
</Object>
<Object class="com.sunopsis.dwg.dbobj.SnpMethod">
		<Field name="DispPopUp" type="java.lang.String"><![CDATA[1]]></Field>
	<Field name="FirstDate" type="java.sql.Timestamp"><![CDATA[2021-04-04 18:44:27.0]]></Field>
	<Field name="FirstUser" type="java.lang.String"><![CDATA[SUNOPSIS_INSTALL]]></Field>
	<Field name="GlobalId" type="java.lang.String"><![CDATA[2755e108-00dc-40fd-8015-5e6a4424c229]]></Field>
	<Field name="GrantCreator" type="java.lang.String"><![CDATA[1]]></Field>
	<Field name="IndImp" type="java.lang.String">null</Field>
	<Field name="IndNew" type="java.lang.String"><![CDATA[0]]></Field>
	<Field name="IntJavaName" type="java.lang.String"><![CDATA[getVersionHistory]]></Field>
	<Field name="IMeth" type="com.sunopsis.sql.DbInt"><![CDATA[72800]]></Field>
	<Field name="IObjects" type="com.sunopsis.sql.DbInt"><![CDATA[300]]></Field>
	<Field name="LastDate" type="java.sql.Timestamp"><![CDATA[2021-04-04 18:44:27.0]]></Field>
	<Field name="LastUser" type="java.lang.String"><![CDATA[SUNOPSIS_INSTALL]]></Field>
	<Field name="Position" type="com.sunopsis.sql.DbInt"><![CDATA[711]]></Field>
	<Field name="ShortName" type="java.lang.String"><![CDATA[METH_GET_VERSION_HISTORY_72800]]></Field>
</Object>
<Object class="com.sunopsis.dwg.dbobj.SnpMethod">
		<Field name="DispPopUp" type="java.lang.String"><![CDATA[1]]></Field>
	<Field name="FirstDate" type="java.sql.Timestamp"><![CDATA[2021-04-04 18:44:27.0]]></Field>
	<Field name="FirstUser" type="java.lang.String"><![CDATA[SUNOPSIS_INSTALL]]></Field>
	<Field name="GlobalId" type="java.lang.String"><![CDATA[c96cc517-9641-430b-b7ce-8593e58ccfa3]]></Field>
	<Field name="GrantCreator" type="java.lang.String"><![CDATA[1]]></Field>
	<Field name="IndImp" type="java.lang.String">null</Field>
	<Field name="IndNew" type="java.lang.String"><![CDATA[0]]></Field>
	<Field name="IntJavaName" type="java.lang.String"><![CDATA[restoreFromVcs]]></Field>
	<Field name="IMeth" type="com.sunopsis.sql.DbInt"><![CDATA[77500]]></Field>
	<Field name="IObjects" type="com.sunopsis.sql.DbInt"><![CDATA[300]]></Field>
	<Field name="LastDate" type="java.sql.Timestamp"><![CDATA[2021-04-04 18:44:27.0]]></Field>
	<Field name="LastUser" type="java.lang.String"><![CDATA[SUNOPSIS_INSTALL]]></Field>
	<Field name="Position" type="com.sunopsis.sql.DbInt"><![CDATA[712]]></Field>
	<Field name="ShortName" type="java.lang.String"><![CDATA[METH_RESTORE_FROM_VCS_77500]]></Field>
</Object>
<Object class="com.sunopsis.dwg.dbobj.SnpMethod">
		<Field name="DispPopUp" type="java.lang.String"><![CDATA[1]]></Field>
	<Field name="FirstDate" type="java.sql.Timestamp"><![CDATA[2021-04-04 18:44:27.0]]></Field>
	<Field name="FirstUser" type="java.lang.String"><![CDATA[SUNOPSIS_INSTALL]]></Field>
	<Field name="GlobalId" type="java.lang.String"><![CDATA[9aec73fe-9c1f-4883-b9d0-f560e3826d7e]]></Field>
	<Field name="GrantCreator" type="java.lang.String"><![CDATA[1]]></Field>
	<Field name="IndImp" type="java.lang.String">null</Field>
	<Field name="IndNew" type="java.lang.String"><![CDATA[0]]></Field>
	<Field name="IntJavaName" type="java.lang.String"><![CDATA[createVersionInVcs]]></Field>
	<Field name="IMeth" type="com.sunopsis.sql.DbInt"><![CDATA[82600]]></Field>
	<Field name="IObjects" type="com.sunopsis.sql.DbInt"><![CDATA[300]]></Field>
	<Field name="LastDate" type="java.sql.Timestamp"><![CDATA[2021-04-04 18:44:27.0]]></Field>
	<Field name="LastUser" type="java.lang.String"><![CDATA[SUNOPSIS_INSTALL]]></Field>
	<Field name="Position" type="com.sunopsis.sql.DbInt"><![CDATA[713]]></Field>
	<Field name="ShortName" type="java.lang.String"><![CDATA[METH_CREATE_VERSION_IN_VCS_82600]]></Field>
</Object>
<Object class="com.sunopsis.dwg.dbobj.SnpMethod">
		<Field name="DispPopUp" type="java.lang.String"><![CDATA[1]]></Field>
	<Field name="FirstDate" type="java.sql.Timestamp"><![CDATA[2021-04-04 18:44:27.0]]></Field>
	<Field name="FirstUser" type="java.lang.String"><![CDATA[SUNOPSIS_INSTALL]]></Field>
	<Field name="GlobalId" type="java.lang.String"><![CDATA[0c105024-5a5d-4770-a1ba-573a0957cb32]]></Field>
	<Field name="GrantCreator" type="java.lang.String"><![CDATA[1]]></Field>
	<Field name="IndImp" type="java.lang.String">null</Field>
	<Field name="IndNew" type="java.lang.String"><![CDATA[0]]></Field>
	<Field name="IntJavaName" type="java.lang.String"><![CDATA[vcsVersionTree]]></Field>
	<Field name="IMeth" type="com.sunopsis.sql.DbInt"><![CDATA[92900]]></Field>
	<Field name="IObjects" type="com.sunopsis.sql.DbInt"><![CDATA[300]]></Field>
	<Field name="LastDate" type="java.sql.Timestamp"><![CDATA[2021-04-04 18:44:27.0]]></Field>
	<Field name="LastUser" type="java.lang.String"><![CDATA[SUNOPSIS_INSTALL]]></Field>
	<Field name="Position" type="com.sunopsis.sql.DbInt"><![CDATA[714]]></Field>
	<Field name="ShortName" type="java.lang.String"><![CDATA[METH_VCS_VERSION_TREE_92900]]></Field>
</Object>
<Object class="com.sunopsis.dwg.dbobj.SnpMethod">
		<Field name="DispPopUp" type="java.lang.String"><![CDATA[1]]></Field>
	<Field name="FirstDate" type="java.sql.Timestamp"><![CDATA[2021-04-04 18:44:27.0]]></Field>
	<Field name="FirstUser" type="java.lang.String"><![CDATA[SUNOPSIS_INSTALL]]></Field>
	<Field name="GlobalId" type="java.lang.String"><![CDATA[fa4911db-3d1f-43f8-9471-bfec0755f44d]]></Field>
	<Field name="GrantCreator" type="java.lang.String"><![CDATA[1]]></Field>
	<Field name="IndImp" type="java.lang.String">null</Field>
	<Field name="IndNew" type="java.lang.String"><![CDATA[0]]></Field>
	<Field name="IntJavaName" type="java.lang.String"><![CDATA[AddToDeploymentArchive]]></Field>
	<Field name="IMeth" type="com.sunopsis.sql.DbInt"><![CDATA[86700]]></Field>
	<Field name="IObjects" type="com.sunopsis.sql.DbInt"><![CDATA[300]]></Field>
	<Field name="LastDate" type="java.sql.Timestamp"><![CDATA[2021-04-04 18:44:27.0]]></Field>
	<Field name="LastUser" type="java.lang.String"><![CDATA[SUNOPSIS_INSTALL]]></Field>
	<Field name="Position" type="com.sunopsis.sql.DbInt"><![CDATA[715]]></Field>
	<Field name="ShortName" type="java.lang.String"><![CDATA[METH_ADDTODA_86700]]></Field>
</Object>
<Object class="com.sunopsis.dwg.dbobj.SnpMethod">
		<Field name="DispPopUp" type="java.lang.String"><![CDATA[1]]></Field>
	<Field name="FirstDate" type="java.sql.Timestamp"><![CDATA[2021-04-04 18:44:27.0]]></Field>
	<Field name="FirstUser" type="java.lang.String"><![CDATA[SUNOPSIS_INSTALL]]></Field>
	<Field name="GlobalId" type="java.lang.String"><![CDATA[6285cd3a-8024-4dea-a50c-dac2f40ee75e]]></Field>
	<Field name="GrantCreator" type="java.lang.String"><![CDATA[1]]></Field>
	<Field name="IndImp" type="java.lang.String">null</Field>
	<Field name="IndNew" type="java.lang.String"><![CDATA[0]]></Field>
	<Field name="IntJavaName" type="java.lang.String"><![CDATA[ApplyFromDeploymentArchive]]></Field>
	<Field name="IMeth" type="com.sunopsis.sql.DbInt"><![CDATA[89500]]></Field>
	<Field name="IObjects" type="com.sunopsis.sql.DbInt"><![CDATA[300]]></Field>
	<Field name="LastDate" type="java.sql.Timestamp"><![CDATA[2021-04-04 18:44:27.0]]></Field>
	<Field name="LastUser" type="java.lang.String"><![CDATA[SUNOPSIS_INSTALL]]></Field>
	<Field name="Position" type="com.sunopsis.sql.DbInt"><![CDATA[716]]></Field>
	<Field name="ShortName" type="java.lang.String"><![CDATA[METH_APPLYFROMDA_89500]]></Field>
</Object>
<Object class="com.sunopsis.dwg.dbobj.SnpFKXRef">
		<Field name="RefKey" type="java.lang.String"><![CDATA[SNP_OBJECT.300]]></Field>
	<Field name="RefObjGlobalId" type="java.lang.String"><![CDATA[ecfa050e-1aa4-3bfb-9201-66d8d42856fb]]></Field>
 <Field name="RefObjFQName" type="java.lang.String"><![CDATA[User]]></Field>
 <Field name="RefObjFQType" type="java.lang.String"><![CDATA[SNP_OBJECT]]></Field>
 <Field name="RefObjFQNameLengths" type="java.lang.String"><![CDATA[4]]></Field>
</Object>
<Object class="com.sunopsis.dwg.DwgExportSummary">
		<Field name="ExpTxtNb" type="com.sunopsis.sql.DbInt"><![CDATA[0]]></Field>
	<Field name="InstObjNb" type="com.sunopsis.sql.DbInt"><![CDATA[0]]></Field>
	<Field name="JoinColNb" type="com.sunopsis.sql.DbInt"><![CDATA[0]]></Field>
	<Field name="JoinNb" type="com.sunopsis.sql.DbInt"><![CDATA[0]]></Field>
	<Field name="KeyColNb" type="com.sunopsis.sql.DbInt"><![CDATA[0]]></Field>
	<Field name="KeyNb" type="com.sunopsis.sql.DbInt"><![CDATA[0]]></Field>
	<Field name="LinkDiagNb" type="com.sunopsis.sql.DbInt"><![CDATA[0]]></Field>
	<Field name="MorigTxtNb" type="com.sunopsis.sql.DbInt"><![CDATA[0]]></Field>
	<Field name="MtxtNb" type="com.sunopsis.sql.DbInt"><![CDATA[0]]></Field>
	<Field name="OrigTxtNb" type="com.sunopsis.sql.DbInt"><![CDATA[0]]></Field>
	<Field name="OtherObjectsNb" type="com.sunopsis.sql.DbInt"><![CDATA[15]]></Field>
	<Field name="PlanAgentNb" type="com.sunopsis.sql.DbInt"><![CDATA[0]]></Field>
	<Field name="StepNb" type="com.sunopsis.sql.DbInt"><![CDATA[0]]></Field>
	<Field name="TxtNb" type="com.sunopsis.sql.DbInt"><![CDATA[0]]></Field>
	<Field name="UeOrigNb" type="com.sunopsis.sql.DbInt"><![CDATA[0]]></Field>
	<Field name="UeUsedNb" type="com.sunopsis.sql.DbInt"><![CDATA[0]]></Field>
	<Field name="VarPlanAgentNb" type="com.sunopsis.sql.DbInt"><![CDATA[0]]></Field>
	<Field name="ScenTxtNb" type="com.sunopsis.sql.DbInt"><![CDATA[0]]></Field>
	<Field name="OdiVersion" type="java.lang.String"><![CDATA[12.2.1]]></Field>
	<Field name="OriginRepositoryID" type="com.sunopsis.sql.DbInt"><![CDATA[0]]></Field>
	<Field name="RepositoryVersion" type="java.lang.String"><![CDATA[05.02.02.09]]></Field>
</Object>
</SunopsisExport>
