<?xml version="1.0" encoding="UTF-8"?>
<SunopsisExport>
<Admin RepositoryVersion="05.02.02.09" IsLegacyIdCompatible="false" />
<Encryption algorithm="AES" keyLength="128" exportKeyHash="DtijVT3NULnuUA0k6J0tAX1i8YLOFHlQu6uNYqvj5SE=" keyVect="FMCYn40d17H391ma/LUP/g==" exportKeySalt="c6859f35-d823-4815-9e80-379d8491c090" containsCipherText="false"/>
<Object class="com.sunopsis.dwg.dbobj.SnpConnect">
		<Field name="AuthenMethod" type="java.lang.String">null</Field>
	<Field name="BatchUpdateSize" type="com.sunopsis.sql.DbInt"><![CDATA[30]]></Field>
	<Field name="Classpath" type="java.lang.String">null</Field>
	<Field name="ConnectType" type="java.lang.String"><![CDATA[D]]></Field>
	<Field name="ConName" type="java.lang.String"><![CDATA[JSON_LOAD]]></Field>
	<Field name="DservName" type="java.lang.String">null</Field>
	<Field name="FetchArrayServ" type="com.sunopsis.sql.DbInt"><![CDATA[30]]></Field>
	<Field name="FirstDate" type="java.sql.Timestamp"><![CDATA[2021-05-08 15:07:38.0]]></Field>
	<Field name="FirstUser" type="java.lang.String"><![CDATA[SUPERVISOR]]></Field>
	<Field name="GlobalId" type="java.lang.String"><![CDATA[88fb8df5-884b-4923-abb1-c3c2bf5882b8]]></Field>
	<Field name="HadoopJobTrackerUri" type="java.lang.String">null</Field>
	<Field name="HadoopNameNodeUri" type="java.lang.String">null</Field>
	<Field name="HadoopOdiRoot" type="java.lang.String">null</Field>
	<Field name="HbaseQuorum" type="java.lang.String">null</Field>
	<Field name="HiveMsUri" type="java.lang.String">null</Field>
	<Field name="IdentityDomainName" type="java.lang.String">null</Field>
	<Field name="IndJndi" type="java.lang.String"><![CDATA[0]]></Field>
	<Field name="IntVersion" type="com.sunopsis.sql.DbInt"><![CDATA[3]]></Field>
	<Field name="IConnect" type="com.sunopsis.sql.DbInt"><![CDATA[19]]></Field>
	<Field name="IHost" type="com.sunopsis.sql.DbInt"><![CDATA[null]]></Field>
	<Field name="ITechno" type="com.sunopsis.sql.DbInt"><![CDATA[10]]></Field>
	<Field name="ITxtJavaUrl" type="com.sunopsis.sql.DbInt"><![CDATA[4461]]></Field>
	<Field name="ITxtJndiUrl" type="com.sunopsis.sql.DbInt"><![CDATA[null]]></Field>
	<Field name="ITxtWsBaseUrl" type="com.sunopsis.sql.DbInt"><![CDATA[null]]></Field>
	<Field name="JagentHost" type="java.lang.String">null</Field>
	<Field name="JagentMgrPort" type="com.sunopsis.sql.DbInt"><![CDATA[null]]></Field>
	<Field name="JagentPort" type="com.sunopsis.sql.DbInt"><![CDATA[null]]></Field>
	<Field name="JavaDriver" type="java.lang.String"><![CDATA[oracle.odi.jdbc.driver.file.complex.ComplexFileDriver]]></Field>
	<Field name="JndiAuthent" type="java.lang.String">null</Field>
	<Field name="JndiFactory" type="java.lang.String">null</Field>
	<Field name="JndiProto" type="java.lang.String">null</Field>
	<Field name="JndiPwd" type="java.lang.String">null</Field>
	<Field name="JndiRessource" type="java.lang.String"><![CDATA[/dataload/v1]]></Field>
	<Field name="JndiUser" type="java.lang.String">null</Field>
	<Field name="LastDate" type="java.sql.Timestamp"><![CDATA[2022-12-04 16:39:37.0]]></Field>
	<Field name="LastUser" type="java.lang.String"><![CDATA[SUPERVISOR]]></Field>
	<Field name="OggInstallPath" type="java.lang.String">null</Field>
	<Field name="OnConApplyCond" type="java.lang.String">null</Field>
	<Field name="OnConCmd" type="java.lang.String">null</Field>
	<Field name="OnConIndCommit" type="java.lang.String"><![CDATA[0]]></Field>
	<Field name="OnConIndErr" type="java.lang.String"><![CDATA[0]]></Field>
	<Field name="OnConLogLevel" type="java.lang.String"><![CDATA[3]]></Field>
	<Field name="OnDcnApplyCond" type="java.lang.String">null</Field>
	<Field name="OnDcnCmd" type="java.lang.String">null</Field>
	<Field name="OnDcnIndCommit" type="java.lang.String"><![CDATA[0]]></Field>
	<Field name="OnDcnIndErr" type="java.lang.String"><![CDATA[0]]></Field>
	<Field name="OnDcnLogLevel" type="java.lang.String"><![CDATA[3]]></Field>
	<Field name="ParIConnect" type="com.sunopsis.sql.DbInt"><![CDATA[null]]></Field>
	<Field name="Pass" type="java.lang.String">null</Field>
	<Field name="PigExecType" type="java.lang.String">null</Field>
	<Field name="TgtParallelConfig" type="com.sunopsis.sql.DbInt"><![CDATA[1]]></Field>
	<Field name="UserName" type="java.lang.String">null</Field>
	<Field name="WsDeployMode" type="java.lang.String"><![CDATA[U]]></Field>
</Object>
<Object class="com.sunopsis.dwg.dbobj.SnpMtxt">
		<Field name="Enc" type="java.lang.String">null</Field>
	<Field name="EncKey" type="java.lang.String">null</Field>
	<Field name="EncKeyVect" type="java.lang.String">null</Field>
	<Field name="FullTxt" type="java.lang.String"><![CDATA[jdbc:snps:complexfile]]></Field>
	<Field name="GlobalId" type="java.lang.String"><![CDATA[a30ef62f-2dec-45ca-a9ca-fbd14b4ee706]]></Field>
	<Field name="ITxt" type="com.sunopsis.sql.DbInt"><![CDATA[4461]]></Field>
	<Field name="ITxtOrig" type="com.sunopsis.sql.DbInt"><![CDATA[6]]></Field>
	<Field name="Txt" type="java.lang.String"><![CDATA[jdbc:snps:complexfile]]></Field>
</Object>
<Object class="com.sunopsis.dwg.dbobj.SnpConnectProp">
		<Field name="GlobalId" type="java.lang.String"><![CDATA[174901b2-cfb6-4643-aa42-f4160793b7e3]]></Field>
	<Field name="IndUndefined" type="java.lang.String">null</Field>
	<Field name="IConnect" type="com.sunopsis.sql.DbInt"><![CDATA[19]]></Field>
	<Field name="PropKey" type="java.lang.String"><![CDATA[drop_on_disconnect]]></Field>
	<Field name="PropValueClob" type="java.lang.String"><![CDATA[False]]></Field>
</Object>
<Object class="com.sunopsis.dwg.dbobj.SnpConnectProp">
		<Field name="GlobalId" type="java.lang.String"><![CDATA[614452ef-d500-4a88-a408-038a11f8e3b3]]></Field>
	<Field name="IndUndefined" type="java.lang.String">null</Field>
	<Field name="IConnect" type="com.sunopsis.sql.DbInt"><![CDATA[19]]></Field>
	<Field name="PropKey" type="java.lang.String"><![CDATA[dtd]]></Field>
	<Field name="PropValueClob" type="java.lang.String"><![CDATA[R:\ODI_Practice\JSON/nxsd_schema1.xsd]]></Field>
</Object>
<Object class="com.sunopsis.dwg.dbobj.SnpConnectProp">
		<Field name="GlobalId" type="java.lang.String"><![CDATA[6a0f7493-84ab-4e1c-81dd-1de3ef93b298]]></Field>
	<Field name="IndUndefined" type="java.lang.String">null</Field>
	<Field name="IConnect" type="com.sunopsis.sql.DbInt"><![CDATA[19]]></Field>
	<Field name="PropKey" type="java.lang.String"><![CDATA[file]]></Field>
	<Field name="PropValueClob" type="java.lang.String"><![CDATA[R:\ODI_Practice\JSON\DEMO.json]]></Field>
</Object>
<Object class="com.sunopsis.dwg.dbobj.SnpConnectProp">
		<Field name="GlobalId" type="java.lang.String"><![CDATA[5bb3bed5-032a-4673-b2b1-445ff9bb2499]]></Field>
	<Field name="IndUndefined" type="java.lang.String">null</Field>
	<Field name="IConnect" type="com.sunopsis.sql.DbInt"><![CDATA[19]]></Field>
	<Field name="PropKey" type="java.lang.String"><![CDATA[root_elt]]></Field>
	<Field name="PropValueClob" type="java.lang.String"><![CDATA[Root-Element]]></Field>
</Object>
<Object class="com.sunopsis.dwg.dbobj.SnpConnectProp">
		<Field name="GlobalId" type="java.lang.String"><![CDATA[5a491035-d4db-4e52-b40e-417053608621]]></Field>
	<Field name="IndUndefined" type="java.lang.String">null</Field>
	<Field name="IConnect" type="com.sunopsis.sql.DbInt"><![CDATA[19]]></Field>
	<Field name="PropKey" type="java.lang.String"><![CDATA[schema]]></Field>
	<Field name="PropValueClob" type="java.lang.String"><![CDATA[XSDSCHEMA]]></Field>
</Object>
<Object class="com.sunopsis.dwg.dbobj.SnpFKXRef">
		<Field name="RefKey" type="java.lang.String"><![CDATA[SNP_TECHNO.10]]></Field>
	<Field name="RefObjGlobalId" type="java.lang.String"><![CDATA[e425fad6-cd82-3ae5-85e9-d33f5c52decb]]></Field>
 <Field name="RefObjFQName" type="java.lang.String"><![CDATA[Complex File]]></Field>
 <Field name="RefObjFQType" type="java.lang.String"><![CDATA[SNP_TECHNO]]></Field>
 <Field name="RefObjFQNameLengths" type="java.lang.String"><![CDATA[12]]></Field>
</Object>
<Object class="com.sunopsis.dwg.dbobj.SnpFKXRef">
		<Field name="RefKey" type="java.lang.String"><![CDATA[SNP_MTXT.4461]]></Field>
	<Field name="RefObjGlobalId" type="java.lang.String"><![CDATA[a30ef62f-2dec-45ca-a9ca-fbd14b4ee706]]></Field>
 <Field name="RefObjFQName" type="java.lang.String">null</Field>
 <Field name="RefObjFQType" type="java.lang.String">null</Field>
 <Field name="RefObjFQNameLengths" type="java.lang.String">null</Field>
</Object>
<Object class="com.sunopsis.dwg.dbobj.SnpFKXRef">
		<Field name="RefKey" type="java.lang.String"><![CDATA[SNP_CONNECT.19]]></Field>
	<Field name="RefObjGlobalId" type="java.lang.String"><![CDATA[88fb8df5-884b-4923-abb1-c3c2bf5882b8]]></Field>
 <Field name="RefObjFQName" type="java.lang.String"><![CDATA[Complex File.JSON_LOAD]]></Field>
 <Field name="RefObjFQType" type="java.lang.String"><![CDATA[SNP_TECHNO.SNP_CONNECT]]></Field>
 <Field name="RefObjFQNameLengths" type="java.lang.String"><![CDATA[12.9]]></Field>
</Object>
<Object class="com.sunopsis.dwg.DwgExportSummary">
		<Field name="ExpTxtNb" type="com.sunopsis.sql.DbInt"><![CDATA[0]]></Field>
	<Field name="InstObjNb" type="com.sunopsis.sql.DbInt"><![CDATA[0]]></Field>
	<Field name="JoinColNb" type="com.sunopsis.sql.DbInt"><![CDATA[0]]></Field>
	<Field name="JoinNb" type="com.sunopsis.sql.DbInt"><![CDATA[0]]></Field>
	<Field name="KeyColNb" type="com.sunopsis.sql.DbInt"><![CDATA[0]]></Field>
	<Field name="KeyNb" type="com.sunopsis.sql.DbInt"><![CDATA[0]]></Field>
	<Field name="LinkDiagNb" type="com.sunopsis.sql.DbInt"><![CDATA[0]]></Field>
	<Field name="MorigTxtNb" type="com.sunopsis.sql.DbInt"><![CDATA[0]]></Field>
	<Field name="MtxtNb" type="com.sunopsis.sql.DbInt"><![CDATA[1]]></Field>
	<Field name="OrigTxtNb" type="com.sunopsis.sql.DbInt"><![CDATA[0]]></Field>
	<Field name="OtherObjectsNb" type="com.sunopsis.sql.DbInt"><![CDATA[6]]></Field>
	<Field name="PlanAgentNb" type="com.sunopsis.sql.DbInt"><![CDATA[0]]></Field>
	<Field name="StepNb" type="com.sunopsis.sql.DbInt"><![CDATA[0]]></Field>
	<Field name="TxtNb" type="com.sunopsis.sql.DbInt"><![CDATA[0]]></Field>
	<Field name="UeOrigNb" type="com.sunopsis.sql.DbInt"><![CDATA[0]]></Field>
	<Field name="UeUsedNb" type="com.sunopsis.sql.DbInt"><![CDATA[0]]></Field>
	<Field name="VarPlanAgentNb" type="com.sunopsis.sql.DbInt"><![CDATA[0]]></Field>
	<Field name="ScenTxtNb" type="com.sunopsis.sql.DbInt"><![CDATA[0]]></Field>
	<Field name="OdiVersion" type="java.lang.String"><![CDATA[12.2.1]]></Field>
	<Field name="OriginRepositoryID" type="com.sunopsis.sql.DbInt"><![CDATA[0]]></Field>
	<Field name="RepositoryVersion" type="java.lang.String"><![CDATA[05.02.02.09]]></Field>
</Object>
</SunopsisExport>
