<?xml version="1.0" encoding="UTF-8"?>
<SunopsisExport>
<Admin RepositoryVersion="05.02.02.09" IsLegacyIdCompatible="false" />
<Encryption algorithm="AES" keyLength="128" exportKeyHash="En5rEosOwqpp079N9uTLwArsOOZ4ObL8VK2btnWo8Jw=" keyVect="glV5mC4qRkI7cCdkmfanBg==" exportKeySalt="8b84c232-c53d-4237-8025-02660b71fbd0" containsCipherText="false"/>
<Object class="com.sunopsis.dwg.dbobj.SnpContext">
		<Field name="ConfPassw" type="java.lang.String">null</Field>
	<Field name="ContextCode" type="java.lang.String"><![CDATA[PRODUCTION]]></Field>
	<Field name="ContextName" type="java.lang.String"><![CDATA[Production]]></Field>
	<Field name="DefCont" type="java.lang.String"><![CDATA[0]]></Field>
	<Field name="ExtVersion" type="java.lang.String">null</Field>
	<Field name="FirstDate" type="java.sql.Timestamp"><![CDATA[2021-04-04 18:45:04.0]]></Field>
	<Field name="FirstUser" type="java.lang.String"><![CDATA[SUNOPSIS_INSTALL]]></Field>
	<Field name="GlobalId" type="java.lang.String"><![CDATA[2a053068-404a-469e-8528-41667bd41c6b]]></Field>
	<Field name="IndChange" type="java.lang.String"><![CDATA[I]]></Field>
	<Field name="IntVersion" type="com.sunopsis.sql.DbInt"><![CDATA[1]]></Field>
	<Field name="IContext" type="com.sunopsis.sql.DbInt"><![CDATA[6]]></Field>
	<Field name="LastDate" type="java.sql.Timestamp"><![CDATA[2021-04-04 18:45:04.0]]></Field>
	<Field name="LastUser" type="java.lang.String"><![CDATA[SUNOPSIS_INSTALL]]></Field>
</Object>
<Object class="com.sunopsis.dwg.dbobj.SnpPschemaCont">
		<Field name="FirstDate" type="java.sql.Timestamp"><![CDATA[2021-04-04 18:45:04.0]]></Field>
	<Field name="FirstUser" type="java.lang.String"><![CDATA[SUNOPSIS_INSTALL]]></Field>
	<Field name="GlobalId" type="java.lang.String"><![CDATA[625641d8-36dc-4a4f-ba42-e59d3c933551]]></Field>
	<Field name="IntVersion" type="com.sunopsis.sql.DbInt"><![CDATA[1]]></Field>
	<Field name="IContext" type="com.sunopsis.sql.DbInt"><![CDATA[6]]></Field>
	<Field name="ILschema" type="com.sunopsis.sql.DbInt"><![CDATA[2]]></Field>
	<Field name="IPschema" type="com.sunopsis.sql.DbInt"><![CDATA[2]]></Field>
	<Field name="LastDate" type="java.sql.Timestamp"><![CDATA[2021-04-04 18:45:04.0]]></Field>
	<Field name="LastUser" type="java.lang.String"><![CDATA[SUNOPSIS_INSTALL]]></Field>
</Object>
<Object class="com.sunopsis.dwg.dbobj.SnpReferencedObject">
		<Field name="IObject" type="com.sunopsis.sql.DbInt"><![CDATA[1700]]></Field>
	<Field name="ObjectPKasString" type="java.lang.String"><![CDATA[6]]></Field>
	<Field name="ObjectAKasString" type="java.lang.String"><![CDATA[PRODUCTION]]></Field>
	<Field name="Description" type="java.lang.String"><![CDATA[SNP_CONTEXT : Production]]></Field>
 <Field name="GlobalId" type="java.lang.String"><![CDATA[2a053068-404a-469e-8528-41667bd41c6b]]></Field>
</Object>
<Object class="com.sunopsis.dwg.dbobj.SnpPschemaCont">
		<Field name="FirstDate" type="java.sql.Timestamp"><![CDATA[2021-04-04 18:45:04.0]]></Field>
	<Field name="FirstUser" type="java.lang.String"><![CDATA[SUNOPSIS_INSTALL]]></Field>
	<Field name="GlobalId" type="java.lang.String"><![CDATA[b1f650c2-a876-444a-850f-47abec42a11c]]></Field>
	<Field name="IntVersion" type="com.sunopsis.sql.DbInt"><![CDATA[1]]></Field>
	<Field name="IContext" type="com.sunopsis.sql.DbInt"><![CDATA[6]]></Field>
	<Field name="ILschema" type="com.sunopsis.sql.DbInt"><![CDATA[3]]></Field>
	<Field name="IPschema" type="com.sunopsis.sql.DbInt"><![CDATA[1]]></Field>
	<Field name="LastDate" type="java.sql.Timestamp"><![CDATA[2021-04-04 18:45:04.0]]></Field>
	<Field name="LastUser" type="java.lang.String"><![CDATA[SUNOPSIS_INSTALL]]></Field>
</Object>
<Object class="com.sunopsis.dwg.dbobj.SnpReferencedObject">
		<Field name="IObject" type="com.sunopsis.sql.DbInt"><![CDATA[1700]]></Field>
	<Field name="ObjectPKasString" type="java.lang.String"><![CDATA[6]]></Field>
	<Field name="ObjectAKasString" type="java.lang.String"><![CDATA[PRODUCTION]]></Field>
	<Field name="Description" type="java.lang.String"><![CDATA[SNP_CONTEXT : Production]]></Field>
 <Field name="GlobalId" type="java.lang.String"><![CDATA[2a053068-404a-469e-8528-41667bd41c6b]]></Field>
</Object>
<Object class="com.sunopsis.dwg.dbobj.SnpFKXRef">
		<Field name="RefKey" type="java.lang.String"><![CDATA[SNP_CONTEXT.6]]></Field>
	<Field name="RefObjGlobalId" type="java.lang.String"><![CDATA[2a053068-404a-469e-8528-41667bd41c6b]]></Field>
 <Field name="RefObjFQName" type="java.lang.String"><![CDATA[Production]]></Field>
 <Field name="RefObjFQType" type="java.lang.String"><![CDATA[SNP_CONTEXT]]></Field>
 <Field name="RefObjFQNameLengths" type="java.lang.String"><![CDATA[10]]></Field>
</Object>
<Object class="com.sunopsis.dwg.dbobj.SnpFKXRef">
		<Field name="RefKey" type="java.lang.String"><![CDATA[SNP_LSCHEMA.2]]></Field>
	<Field name="RefObjGlobalId" type="java.lang.String"><![CDATA[90a83890-2d1c-358b-99d7-425951dc425d]]></Field>
 <Field name="RefObjFQName" type="java.lang.String"><![CDATA[In-Memory Engine. SUNOPSIS_MEMORY_ENGINE]]></Field>
 <Field name="RefObjFQType" type="java.lang.String"><![CDATA[SNP_TECHNO.SNP_LSCHEMA]]></Field>
 <Field name="RefObjFQNameLengths" type="java.lang.String"><![CDATA[16.23]]></Field>
</Object>
<Object class="com.sunopsis.dwg.dbobj.SnpFKXRef">
		<Field name="RefKey" type="java.lang.String"><![CDATA[SNP_PSCHEMA.2]]></Field>
	<Field name="RefObjGlobalId" type="java.lang.String"><![CDATA[1c6765c1-b25c-3a70-afbb-e9d05fc3f3a5]]></Field>
 <Field name="RefObjFQName" type="java.lang.String"><![CDATA[In-Memory Engine.SUNOPSIS_MEMORY_ENGINE.SUNOPSIS_MEMORY_ENGINE_Default]]></Field>
 <Field name="RefObjFQType" type="java.lang.String"><![CDATA[SNP_TECHNO.SNP_CONNECT.SNP_PSCHEMA]]></Field>
 <Field name="RefObjFQNameLengths" type="java.lang.String"><![CDATA[16.22.30]]></Field>
</Object>
<Object class="com.sunopsis.dwg.dbobj.SnpFKXRef">
		<Field name="RefKey" type="java.lang.String"><![CDATA[SNP_LSCHEMA.3]]></Field>
	<Field name="RefObjGlobalId" type="java.lang.String"><![CDATA[67889c61-987f-3566-afcc-9c55d7bd85ae]]></Field>
 <Field name="RefObjFQName" type="java.lang.String"><![CDATA[In-Memory Engine. MEMORY_ENGINE]]></Field>
 <Field name="RefObjFQType" type="java.lang.String"><![CDATA[SNP_TECHNO.SNP_LSCHEMA]]></Field>
 <Field name="RefObjFQNameLengths" type="java.lang.String"><![CDATA[16.14]]></Field>
</Object>
<Object class="com.sunopsis.dwg.dbobj.SnpFKXRef">
		<Field name="RefKey" type="java.lang.String"><![CDATA[SNP_PSCHEMA.1]]></Field>
	<Field name="RefObjGlobalId" type="java.lang.String"><![CDATA[61149740-0c29-32c0-92e5-fdb5696142c8]]></Field>
 <Field name="RefObjFQName" type="java.lang.String"><![CDATA[In-Memory Engine.MEMORY_ENGINE.MEMORY_ENGINE_Default]]></Field>
 <Field name="RefObjFQType" type="java.lang.String"><![CDATA[SNP_TECHNO.SNP_CONNECT.SNP_PSCHEMA]]></Field>
 <Field name="RefObjFQNameLengths" type="java.lang.String"><![CDATA[16.13.21]]></Field>
</Object>
<Object class="com.sunopsis.dwg.DwgExportSummary">
		<Field name="ExpTxtNb" type="com.sunopsis.sql.DbInt"><![CDATA[0]]></Field>
	<Field name="InstObjNb" type="com.sunopsis.sql.DbInt"><![CDATA[0]]></Field>
	<Field name="JoinColNb" type="com.sunopsis.sql.DbInt"><![CDATA[0]]></Field>
	<Field name="JoinNb" type="com.sunopsis.sql.DbInt"><![CDATA[0]]></Field>
	<Field name="KeyColNb" type="com.sunopsis.sql.DbInt"><![CDATA[0]]></Field>
	<Field name="KeyNb" type="com.sunopsis.sql.DbInt"><![CDATA[0]]></Field>
	<Field name="LinkDiagNb" type="com.sunopsis.sql.DbInt"><![CDATA[0]]></Field>
	<Field name="MorigTxtNb" type="com.sunopsis.sql.DbInt"><![CDATA[0]]></Field>
	<Field name="MtxtNb" type="com.sunopsis.sql.DbInt"><![CDATA[0]]></Field>
	<Field name="OrigTxtNb" type="com.sunopsis.sql.DbInt"><![CDATA[0]]></Field>
	<Field name="OtherObjectsNb" type="com.sunopsis.sql.DbInt"><![CDATA[3]]></Field>
	<Field name="PlanAgentNb" type="com.sunopsis.sql.DbInt"><![CDATA[0]]></Field>
	<Field name="StepNb" type="com.sunopsis.sql.DbInt"><![CDATA[0]]></Field>
	<Field name="TxtNb" type="com.sunopsis.sql.DbInt"><![CDATA[0]]></Field>
	<Field name="UeOrigNb" type="com.sunopsis.sql.DbInt"><![CDATA[0]]></Field>
	<Field name="UeUsedNb" type="com.sunopsis.sql.DbInt"><![CDATA[0]]></Field>
	<Field name="VarPlanAgentNb" type="com.sunopsis.sql.DbInt"><![CDATA[0]]></Field>
	<Field name="ScenTxtNb" type="com.sunopsis.sql.DbInt"><![CDATA[0]]></Field>
	<Field name="OdiVersion" type="java.lang.String"><![CDATA[12.2.1]]></Field>
	<Field name="OriginRepositoryID" type="com.sunopsis.sql.DbInt"><![CDATA[0]]></Field>
	<Field name="RepositoryVersion" type="java.lang.String"><![CDATA[05.02.02.09]]></Field>
</Object>
</SunopsisExport>
