<?xml version="1.0" encoding="UTF-8"?>
<SunopsisExport>
<Admin RepositoryVersion="05.02.02.09" IsLegacyIdCompatible="false" />
<Encryption algorithm="AES" keyLength="128" exportKeyHash="giyvF0Ftq6BXG/ALCcjSp15dt1pWRmr10Q2phqjfTQE=" keyVect="UX+lP2p4910G46FO/x8zbw==" exportKeySalt="5468d3fd-bc8b-433b-a6c8-61fa28f2e9a1" containsCipherText="false"/>
<Object class="com.sunopsis.dwg.dbobj.SnpLschema">
		<Field name="ExtVersion" type="java.lang.String">null</Field>
	<Field name="FirstDate" type="java.sql.Timestamp"><![CDATA[2022-12-04 16:51:08.0]]></Field>
	<Field name="FirstUser" type="java.lang.String"><![CDATA[SUPERVISOR]]></Field>
	<Field name="GlobalId" type="java.lang.String"><![CDATA[d482a9be-b347-4eb0-aea3-a3027235c38e]]></Field>
	<Field name="IndChange" type="java.lang.String"><![CDATA[I]]></Field>
	<Field name="IntVersion" type="com.sunopsis.sql.DbInt"><![CDATA[1]]></Field>
	<Field name="ILschema" type="com.sunopsis.sql.DbInt"><![CDATA[74]]></Field>
	<Field name="ITechno" type="com.sunopsis.sql.DbInt"><![CDATA[148]]></Field>
	<Field name="ITgtDbLs" type="com.sunopsis.sql.DbInt"><![CDATA[null]]></Field>
	<Field name="LastDate" type="java.sql.Timestamp"><![CDATA[2022-12-04 16:51:08.0]]></Field>
	<Field name="LastUser" type="java.lang.String"><![CDATA[SUPERVISOR]]></Field>
	<Field name="LschemaName" type="java.lang.String"><![CDATA[L_CMI_XML]]></Field>
	<Field name="ProcessType" type="java.lang.String">null</Field>
</Object>
<Object class="com.sunopsis.dwg.dbobj.SnpPschemaCont">
		<Field name="FirstDate" type="java.sql.Timestamp"><![CDATA[2022-12-04 16:51:08.0]]></Field>
	<Field name="FirstUser" type="java.lang.String"><![CDATA[SUPERVISOR]]></Field>
	<Field name="GlobalId" type="java.lang.String"><![CDATA[b1a2c678-009c-4131-9589-37143e65f943]]></Field>
	<Field name="IntVersion" type="com.sunopsis.sql.DbInt"><![CDATA[1]]></Field>
	<Field name="IContext" type="com.sunopsis.sql.DbInt"><![CDATA[4]]></Field>
	<Field name="ILschema" type="com.sunopsis.sql.DbInt"><![CDATA[74]]></Field>
	<Field name="IPschema" type="com.sunopsis.sql.DbInt"><![CDATA[73]]></Field>
	<Field name="LastDate" type="java.sql.Timestamp"><![CDATA[2022-12-04 16:51:08.0]]></Field>
	<Field name="LastUser" type="java.lang.String"><![CDATA[SUPERVISOR]]></Field>
</Object>
<Object class="com.sunopsis.dwg.dbobj.SnpReferencedObject">
		<Field name="IObject" type="com.sunopsis.sql.DbInt"><![CDATA[1700]]></Field>
	<Field name="ObjectPKasString" type="java.lang.String"><![CDATA[4]]></Field>
	<Field name="ObjectAKasString" type="java.lang.String"><![CDATA[GLOBAL]]></Field>
	<Field name="Description" type="java.lang.String"><![CDATA[SNP_CONTEXT : Global]]></Field>
 <Field name="GlobalId" type="java.lang.String"><![CDATA[af79390f-548b-3f6e-b5dc-b152c271c701]]></Field>
</Object>
<Object class="com.sunopsis.dwg.dbobj.SnpFKXRef">
		<Field name="RefKey" type="java.lang.String"><![CDATA[SNP_TECHNO.148]]></Field>
	<Field name="RefObjGlobalId" type="java.lang.String"><![CDATA[7ffd3917-2b27-35a3-96a7-3bde26098531]]></Field>
 <Field name="RefObjFQName" type="java.lang.String"><![CDATA[XML]]></Field>
 <Field name="RefObjFQType" type="java.lang.String"><![CDATA[SNP_TECHNO]]></Field>
 <Field name="RefObjFQNameLengths" type="java.lang.String"><![CDATA[3]]></Field>
</Object>
<Object class="com.sunopsis.dwg.dbobj.SnpFKXRef">
		<Field name="RefKey" type="java.lang.String"><![CDATA[SNP_CONTEXT.4]]></Field>
	<Field name="RefObjGlobalId" type="java.lang.String"><![CDATA[af79390f-548b-3f6e-b5dc-b152c271c701]]></Field>
 <Field name="RefObjFQName" type="java.lang.String"><![CDATA[Global]]></Field>
 <Field name="RefObjFQType" type="java.lang.String"><![CDATA[SNP_CONTEXT]]></Field>
 <Field name="RefObjFQNameLengths" type="java.lang.String"><![CDATA[6]]></Field>
</Object>
<Object class="com.sunopsis.dwg.dbobj.SnpFKXRef">
		<Field name="RefKey" type="java.lang.String"><![CDATA[SNP_LSCHEMA.74]]></Field>
	<Field name="RefObjGlobalId" type="java.lang.String"><![CDATA[d482a9be-b347-4eb0-aea3-a3027235c38e]]></Field>
 <Field name="RefObjFQName" type="java.lang.String"><![CDATA[XML.L_CMI_XML]]></Field>
 <Field name="RefObjFQType" type="java.lang.String"><![CDATA[SNP_TECHNO.SNP_LSCHEMA]]></Field>
 <Field name="RefObjFQNameLengths" type="java.lang.String"><![CDATA[3.9]]></Field>
</Object>
<Object class="com.sunopsis.dwg.dbobj.SnpFKXRef">
		<Field name="RefKey" type="java.lang.String"><![CDATA[SNP_PSCHEMA.73]]></Field>
	<Field name="RefObjGlobalId" type="java.lang.String"><![CDATA[24823422-c91e-4252-924a-6648c5d8f116]]></Field>
 <Field name="RefObjFQName" type="java.lang.String"><![CDATA[XML.XML.XML.SAMPL]]></Field>
 <Field name="RefObjFQType" type="java.lang.String"><![CDATA[SNP_TECHNO.SNP_CONNECT.SNP_PSCHEMA]]></Field>
 <Field name="RefObjFQNameLengths" type="java.lang.String"><![CDATA[3.3.9]]></Field>
</Object>
<Object class="com.sunopsis.dwg.DwgExportSummary">
		<Field name="ExpTxtNb" type="com.sunopsis.sql.DbInt"><![CDATA[0]]></Field>
	<Field name="InstObjNb" type="com.sunopsis.sql.DbInt"><![CDATA[0]]></Field>
	<Field name="JoinColNb" type="com.sunopsis.sql.DbInt"><![CDATA[0]]></Field>
	<Field name="JoinNb" type="com.sunopsis.sql.DbInt"><![CDATA[0]]></Field>
	<Field name="KeyColNb" type="com.sunopsis.sql.DbInt"><![CDATA[0]]></Field>
	<Field name="KeyNb" type="com.sunopsis.sql.DbInt"><![CDATA[0]]></Field>
	<Field name="LinkDiagNb" type="com.sunopsis.sql.DbInt"><![CDATA[0]]></Field>
	<Field name="MorigTxtNb" type="com.sunopsis.sql.DbInt"><![CDATA[0]]></Field>
	<Field name="MtxtNb" type="com.sunopsis.sql.DbInt"><![CDATA[0]]></Field>
	<Field name="OrigTxtNb" type="com.sunopsis.sql.DbInt"><![CDATA[0]]></Field>
	<Field name="OtherObjectsNb" type="com.sunopsis.sql.DbInt"><![CDATA[2]]></Field>
	<Field name="PlanAgentNb" type="com.sunopsis.sql.DbInt"><![CDATA[0]]></Field>
	<Field name="StepNb" type="com.sunopsis.sql.DbInt"><![CDATA[0]]></Field>
	<Field name="TxtNb" type="com.sunopsis.sql.DbInt"><![CDATA[0]]></Field>
	<Field name="UeOrigNb" type="com.sunopsis.sql.DbInt"><![CDATA[0]]></Field>
	<Field name="UeUsedNb" type="com.sunopsis.sql.DbInt"><![CDATA[0]]></Field>
	<Field name="VarPlanAgentNb" type="com.sunopsis.sql.DbInt"><![CDATA[0]]></Field>
	<Field name="ScenTxtNb" type="com.sunopsis.sql.DbInt"><![CDATA[0]]></Field>
	<Field name="OdiVersion" type="java.lang.String"><![CDATA[12.2.1]]></Field>
	<Field name="OriginRepositoryID" type="com.sunopsis.sql.DbInt"><![CDATA[0]]></Field>
	<Field name="RepositoryVersion" type="java.lang.String"><![CDATA[05.02.02.09]]></Field>
</Object>
</SunopsisExport>
